timestamp,left_data_Ac_X,left_data_Ac_Y,left_data_Ac_Z,left_data_Gy_X,left_data_Gy_Y,left_data_Gy_Z,left_data_flex_1,left_data_flex_2,left_data_flex_3,left_data_flex_4,left_data_flex_5,right_data_Ac_X,right_data_Ac_Y,right_data_Ac_Z,right_data_Gy_X,right_data_Gy_Y,right_data_Gy_Z,right_data_flex_1,right_data_flex_2,right_data_flex_3,right_data_flex_4,right_data_flex_5
1692755899515773200,1.382651448,-5.243301868,8.754398346,-0.061286367,0.01505513,-0.003597243,-40,-13,10,16,45,3.117250681,1.997961283,10.01614285,-0.078339972,-0.036771823,0.036638591,144,43,55,54,276
1692755899516773200,1.381454349,-5.24210453,8.759186745,-0.061819296,0.015188362,-0.003330781,-38,-10,6,18,46,3.128024578,1.936909199,10.01853657,-0.081537522,-0.038237367,0.029977029,143,39,57,54,270
1692755899517773200,1.380257249,-5.243301868,8.756793022,-0.062485453,0.015454824,-0.003597243,-40,-15,11,13,46,3.128024578,1.890222192,9.982624054,-0.078473203,-0.039436448,0.026113322,145,48,51,50,278
1692755899518773200,1.37666595,-5.243301868,8.756793022,-0.063018374,0.015321592,-0.003464012,-47,-13,11,19,46,3.118447781,1.8590976,9.92636013,-0.07087902,-0.042633995,0.022782542,145,44,55,53,278
1692755899519773200,1.373074651,-5.245696068,8.755595207,-0.063551299,0.015321592,-0.003330781,-35,-16,10,19,46,3.11964488,1.838746905,9.892841339,-0.059154671,-0.047163859,0.019451762,148,47,51,53,278
1692755899724651200,1.373074651,-5.270834923,8.729259491,-0.060486984,0.011457887,-0.004663093,-40,-13,10,20,45,3.155557871,2.000355482,9.945513725,0.011058193,-0.082736596,0.002664625,169,55,56,60,290
1692755899725651200,1.373074651,-5.269638062,8.729259491,-0.059554365,0.011058193,-0.004796324,-40,-25,10,18,46,3.15795207,2.019509077,9.950302124,0.010258805,-0.082869835,0.002264931,175,61,55,63,289
1692755899726651200,1.37427175,-5.27442646,8.723274231,-0.058621746,0.010658499,-0.004663093,-37,-17,13,16,46,3.161543369,2.031480074,9.939528465,0.009059724,-0.083402753,0.0021317,174,60,58,61,288
1692755899727651200,1.379060149,-5.269638062,8.722076416,-0.05808882,0.010525269,-0.004529862,-40,-28,10,20,44,3.167528868,2.043451071,9.934740067,0.007460949,-0.084335379,0.001732006,179,60,62,63,289
1692755899728651200,1.379060149,-5.266046524,8.723274231,-0.05768913,0.010258805,-0.004396631,-35,-11,11,14,46,3.169923067,2.041056871,9.92636013,0.004796324,-0.08513476,0.001598775,185,62,60,63,290
1692755899780619300,1.37546885,-5.251681328,8.729259491,-0.058621746,0.005728943,-0.008926493,-38,-15,7,19,45,3.216609955,2.014720678,9.92037487,-0.036638591,-0.071145482,-0.006928025,223,87,61,73,297
1692755899781619300,1.381454349,-5.250484467,8.729259491,-0.059154671,0.005462481,-0.009459418,-35,-10,9,14,46,3.213018656,1.994369984,9.928754807,-0.035705972,-0.069546707,-0.006794794,222,78,62,81,301
1692755899782619300,1.381454349,-5.251681328,8.735244751,-0.059421133,0.004929556,-0.009992342,-38,-3,10,15,45,3.213018656,1.975216389,9.93234539,-0.033574272,-0.068480857,-0.006261868,225,81,62,70,304
1692755899783619300,1.380257249,-5.257667065,8.742427826,-0.059687596,0.004663093,-0.010258805,-34,-7,7,20,43,3.208230257,1.958456993,9.934740067,-0.030909648,-0.0678147,-0.005329249,229,79,62,77,304
1692755899784619300,1.381454349,-5.257667065,8.741230011,-0.059954058,0.004796324,-0.010392036,-43,-9,10,18,46,3.203441858,1.948880196,9.939528465,-0.027845331,-0.067015313,-0.004396631,228,83,62,76,302
1692755899859574200,1.388636947,-5.291185856,8.731653214,-0.059687596,0.006794794,-0.012523737,-35,-14,12,22,46,3.210624456,1.991975784,9.922768593,0.01398928,-0.068614088,0.001598775,238,94,62,78,300
1692755899860574200,1.387439847,-5.293580055,8.73404789,-0.059554365,0.006928025,-0.012656967,-46,-13,11,20,46,3.214215755,1.999158382,9.928754807,0.015987748,-0.068880551,0.001598775,238,93,62,79,306
1692755899861574200,1.388636947,-5.293580055,8.72806263,-0.059154671,0.007327718,-0.012656967,-44,-15,7,15,46,3.220201254,2.006340981,9.927556992,0.01825268,-0.068880551,0.00106585,238,94,63,77,304
1692755899862574200,1.389834046,-5.289988518,8.72806263,-0.058754977,0.007327718,-0.012790199,-43,-13,3,15,45,3.228580952,2.011129379,9.923966408,0.020117918,-0.069013782,0.000799387,243,88,62,78,304
1692755899863574200,1.391031146,-5.285200119,8.72806263,-0.058488514,0.007194487,-0.012656967,-37,-20,7,19,46,3.23336935,2.017114878,9.923966408,0.021983154,-0.068880551,0.000666156,241,97,62,80,301
1692755899953522900,1.382651448,-5.270834923,8.74003315,-0.052093416,0.005995406,-0.009992342,-38,-7,11,20,46,3.296815634,2.039859772,9.878476143,0.03543951,-0.05249311,0.021849923,230,95,65,74,296
1692755899954522900,1.381454349,-5.267243862,8.736441612,-0.052093416,0.005728943,-0.009859112,-34,-15,5,16,46,3.295618534,2.037465572,9.88206768,0.034773353,-0.051160797,0.023182238,235,94,62,78,295
1692755899955522900,1.381454349,-5.264849663,8.735244751,-0.05249311,0.005728943,-0.009459418,-33,-13,8,22,46,3.295618534,2.032677174,9.874884605,0.034240428,-0.049428791,0.024248086,233,94,63,78,296
1692755899956522900,1.380257249,-5.263652325,8.731653214,-0.053026035,0.005462481,-0.009192956,-39,-11,9,15,46,3.295618534,2.026691675,9.871294022,0.034506891,-0.047963247,0.025447167,229,94,62,76,296
1692755899957522900,1.37786305,-5.262455463,8.72806263,-0.053692192,0.005329249,-0.008926493,-33,-9,11,16,46,3.295618534,2.023100376,9.866505623,0.035306279,-0.046497703,0.026113322,235,94,65,79,297
1692755900009488600,1.383848548,-5.261258125,8.74003315,-0.056490045,0.003464012,-0.008526799,-42,-16,7,19,44,3.239354849,1.994369984,9.928754807,0.034506891,-0.037970904,0.03011026,231,96,64,74,292
1692755900010488600,1.387439847,-5.261258125,8.742427826,-0.056623276,0.00319755,-0.008393568,-40,-17,15,18,46,3.23576355,1.982398987,9.933543205,0.034773353,-0.038104136,0.030776417,229,94,67,74,294
1692755900011488600,1.389834046,-5.260061264,8.738836288,-0.057022974,0.003064318,-0.008260337,-39,-15,8,20,46,3.229778051,1.97042799,9.939528465,0.035306279,-0.038503829,0.031176111,226,94,67,76,295
1692755900012488600,1.391031146,-5.258863926,8.74003315,-0.057022974,0.003064318,-0.008260337,-38,-12,5,13,45,3.224989653,1.964442492,9.944316864,0.035572741,-0.039169986,0.031575806,229,91,65,78,292
1692755900013488600,1.391031146,-5.258863926,8.743624687,-0.057289433,0.00319755,-0.008260337,-39,-8,11,19,46,3.215412855,1.953668594,9.939528465,0.035839204,-0.03956968,0.031442571,229,94,68,76,293
1692755900063457000,1.388636947,-5.263652325,8.730456352,-0.053692192,0.003064318,-0.004130168,-34,-12,14,24,46,3.189076662,2.106897593,10.03050804,0.045431852,-0.07993874,-0.005462481,243,94,72,74,284
1692755900064457000,1.391031146,-5.260061264,8.729259491,-0.053958651,0.002931087,-0.003996937,-36,-15,8,17,46,3.144783974,2.142810583,10.04367638,0.03543951,-0.084601834,-0.009192956,246,94,73,78,288
1692755900065457000,1.394622445,-5.257667065,8.731653214,-0.054491576,0.002531394,-0.004130168,-39,-15,10,16,46,3.111265182,2.15478158,10.0269165,0.020251149,-0.094061248,-0.013456355,247,94,76,75,279
1692755900066457000,1.393425345,-5.260061264,8.735244751,-0.054758042,0.002264931,-0.0042634,-36,-13,11,13,46,3.126827478,2.165555477,10.03290176,0.005196018,-0.106718227,-0.015454824,253,94,72,76,287
1692755900067457000,1.393425345,-5.260061264,8.74003315,-0.055024505,0.002398162,-0.004396631,-49,-25,7,17,45,3.163937569,2.15478158,10.06402683,-0.009592649,-0.11711026,-0.016520673,253,94,77,79,290
1692755900122423500,1.381454349,-5.263652325,8.737639427,-0.049961712,0.001199081,-0.004796324,-42,-15,11,22,46,3.318363667,1.9309237,9.8940382,-0.024381317,-0.149618685,-0.04103522,277,108,79,76,272
1692755900123423500,1.382651448,-5.261258125,8.735244751,-0.049562022,0.001199081,-0.005062787,-36,-7,11,17,46,3.323152065,1.921346903,9.8940382,-0.023715161,-0.147353753,-0.042367533,279,108,79,77,276
1692755900124423500,1.386242747,-5.261258125,8.731653214,-0.049295556,0.00106585,-0.005062787,-39,-9,10,17,46,3.326743364,1.906981707,9.886856079,-0.022649311,-0.145621747,-0.043300152,279,112,81,74,273
1692755900125423500,1.385045648,-5.263652325,8.730456352,-0.049029093,0.000932619,-0.005062787,-40,-6,11,18,46,3.330334663,1.89620769,9.883264542,-0.020917306,-0.144156188,-0.044499233,281,110,78,76,269
1692755900126423500,1.386242747,-5.262455463,8.731653214,-0.048895866,0.00106585,-0.005196018,-43,-10,10,18,46,3.335123062,1.878251195,9.883264542,-0.018385911,-0.142690659,-0.045565084,279,110,82,80,269
1692755900179415200,1.383848548,-5.267243862,8.719682693,-0.051560488,-0.001732006,-0.008926493,-50,-13,9,16,44,3.468001127,1.8579005,9.864110947,0.064883612,-0.081004597,-0.038770292,280,111,85,65,261
1692755900180415200,1.386242747,-5.272032261,8.719682693,-0.051294025,-0.001598775,-0.009192956,-37,-9,10,14,46,3.465606928,1.868674397,9.866505623,0.0678147,-0.079139359,-0.035039816,281,110,84,74,260
1692755900181415200,1.387439847,-5.27682066,8.723274231,-0.050894335,-0.001732006,-0.009592649,-43,-10,3,15,46,3.465606928,1.875856996,9.871294022,0.070479326,-0.077407345,-0.030909648,283,111,82,70,257
1692755900182415200,1.387439847,-5.284003258,8.723274231,-0.050361406,-0.001465544,-0.009725881,-39,-15,11,18,44,3.469198227,1.884236693,9.880870819,0.072344564,-0.076075032,-0.02691271,279,110,81,74,256
1692755900183415200,1.385045648,-5.287594318,8.723274231,-0.049961712,-0.001332312,-0.009992342,-40,-6,10,20,46,3.472789526,1.899798989,9.886856079,0.073810108,-0.074875958,-0.022915773,277,111,81,77,256
1692755900239356300,1.401805043,-5.245696068,8.748413086,-0.049295556,0.001465544,-0.012257273,-46,-11,10,19,46,3.42011714,2.012326479,9.872490883,0.051826954,-0.059154671,0.035173047,270,109,83,76,262
1692755900240356300,1.401805043,-5.249287128,8.749609947,-0.049295556,0.001332312,-0.012390506,-34,-16,9,14,46,3.41892004,2.003946781,9.871294022,0.04969525,-0.058222052,0.03650536,270,107,81,75,260
1692755900241356300,1.395819545,-5.249287128,8.748413086,-0.049295556,0.001199081,-0.012390506,-37,-6,8,18,46,3.411737442,1.999158382,9.867702484,0.047830015,-0.057555895,0.037171517,274,110,81,73,262
1692755900242356300,1.393425345,-5.254075527,8.741230011,-0.049162328,0.001199081,-0.012390506,-40,-9,10,14,46,3.405751944,1.999158382,9.868899345,0.046764165,-0.057289433,0.037304748,271,110,84,76,263
1692755900243356300,1.393425345,-5.251681328,8.736441612,-0.049295556,0.00106585,-0.012257273,-40,-11,10,20,40,3.399766445,1.999158382,9.871294022,0.04623124,-0.057822358,0.037038282,270,110,82,72,261
1692755900292350100,1.387439847,-5.248090267,8.756793022,-0.05142726,0.000666156,-0.011324655,-41,-11,9,19,45,3.405751944,1.983596087,9.858125687,0.021450229,-0.068347625,0.027712099,273,110,84,82,268
1692755900293350100,1.392228246,-5.248090267,8.761581421,-0.052226644,0.000666156,-0.011191424,-39,-11,10,19,45,3.400963545,1.978807688,9.866505623,0.01825268,-0.067415006,0.026113322,273,109,91,81,266
1692755900294350100,1.397016644,-5.250484467,8.759186745,-0.0528928,0.000799387,-0.011191424,-40,-13,10,17,46,3.402160645,1.974019289,9.871294022,0.015588055,-0.066482387,0.024781011,271,112,88,82,268
1692755900295350100,1.397016644,-5.254075527,8.761581421,-0.053558957,0.000532925,-0.011058193,-39,-14,10,14,45,3.400963545,1.966836691,9.867702484,0.013589587,-0.065816231,0.023448698,273,108,85,81,269
1692755900296350100,1.395819545,-5.256469727,8.757989883,-0.054358348,0.000532925,-0.011058193,-38,-15,8,18,46,3.399766445,1.956062794,9.862914085,0.012257273,-0.065150075,0.022382848,274,110,88,81,261
1692755900353290900,1.41257906,-5.252878666,8.74003315,-0.053292494,0.001465544,-0.010125575,-38,-11,10,13,44,3.412934542,1.959654093,9.879673004,-0.000532925,-0.055424199,0.005462481,287,119,88,83,279
1692755900354290900,1.414973259,-5.251681328,8.744821548,-0.053292494,0.001332312,-0.010125575,-43,-13,11,17,45,3.411737442,1.956062794,9.88206768,-0.001732006,-0.055557426,0.004130168,290,117,87,82,279
1692755900355290900,1.414973259,-5.250484467,8.749609947,-0.053425729,0.001332312,-0.010125575,-36,-15,9,14,45,3.410540342,1.951274395,9.883264542,-0.002797856,-0.05595712,0.002664625,295,114,83,84,279
1692755900356290900,1.413776159,-5.248090267,8.750806808,-0.053825419,0.001199081,-0.010392036,-40,-12,10,18,44,3.410540342,1.946485996,9.880870819,-0.003330781,-0.056623276,0.00106585,293,117,84,84,279
1692755900357290900,1.418564558,-5.245696068,8.759186745,-0.054358348,0.001465544,-0.010525269,-44,-13,10,18,46,3.409343243,1.938106298,9.878476143,-0.003996937,-0.057156201,-0.000399694,295,120,89,81,279
1692755900453234300,1.397016644,-5.24449873,8.752004623,-0.053958651,0.003597243,-0.011591119,-40,-9,8,16,46,3.453635931,1.929726601,9.868899345,0.021716693,-0.050894335,-0.009192956,308,128,85,88,289
1692755900454234300,1.394622445,-5.243301868,8.753201485,-0.054491576,0.003464012,-0.011724349,-43,-10,8,15,44,3.454833031,1.935712099,9.860519409,0.02358193,-0.050361406,-0.007594181,312,126,89,90,292
1692755900455234300,1.394622445,-5.243301868,8.754398346,-0.05489127,0.003597243,-0.011724349,-39,-19,10,14,43,3.45842433,1.939303398,9.860519409,0.024914242,-0.049828485,-0.005862175,310,126,89,90,294
1692755900456234300,1.399410844,-5.249287128,8.749609947,-0.055424199,0.003597243,-0.01185758,-36,-9,10,14,45,3.45722723,1.944091797,9.861717224,0.025580399,-0.049295556,-0.003996937,314,126,89,88,295
1692755900457234300,1.397016644,-5.251681328,8.752004623,-0.055690661,0.003464012,-0.01185758,-40,-18,3,13,45,3.453635931,1.951274395,9.862914085,0.025313934,-0.048762634,-0.0021317,311,127,91,89,295
1692755900512201400,1.400607944,-5.258863926,8.753201485,-0.05768913,0.005329249,-0.009459418,-42,-12,11,13,44,3.473986626,1.914164305,9.870096207,0.024114855,-0.047963247,0.014122511,324,139,87,92,294
1692755900513201400,1.400607944,-5.257667065,8.754398346,-0.05768913,0.005462481,-0.009326187,-30,-14,11,18,46,3.470395327,1.912967205,9.871294022,0.024381317,-0.04729709,0.015321592,326,135,89,90,301
1692755900514201400,1.400607944,-5.256469727,8.757989883,-0.057822358,0.005462481,-0.009059724,-46,0,9,16,46,3.466804028,1.911770105,9.865307808,0.025180703,-0.046630934,0.01612098,325,135,89,92,300
1692755900515201400,1.404199243,-5.254075527,8.757989883,-0.05808882,0.005595712,-0.008793262,-43,-7,8,16,46,3.464409828,1.909375906,9.856928825,0.026646247,-0.046098009,0.016653905,324,139,83,92,303
1692755900516201400,1.405396342,-5.251681328,8.753201485,-0.058355279,0.005595712,-0.008793262,-40,-15,9,19,45,3.462015629,1.905784607,9.853337288,0.028644716,-0.045831546,0.017053599,324,132,92,92,305
1692755900574163600,1.416170359,-5.273229122,8.732851028,-0.056756508,0.004529862,-0.007327718,-40,-15,5,16,46,3.42131424,1.927332401,9.879673004,0.039303213,-0.046630934,0.01292343,336,142,87,94,311
1692755900575163600,1.413776159,-5.275623322,8.731653214,-0.056223582,0.004130168,-0.007460949,-42,-14,8,15,44,3.424905539,1.928529501,9.880870819,0.038637057,-0.046897396,0.011990812,340,147,87,94,310
1692755900576163600,1.41018486,-5.272032261,8.729259491,-0.05595712,0.003996937,-0.007327718,-36,-14,7,15,46,3.426102638,1.928529501,9.872490883,0.037837673,-0.047030624,0.011324655,335,148,87,94,309
1692755900577163600,1.41257906,-5.272032261,8.730456352,-0.055424199,0.003996937,-0.007061256,-36,-15,5,18,45,3.435679436,1.928529501,9.868899345,0.036771823,-0.047030624,0.010525269,340,145,87,96,311
1692755900578163600,1.416170359,-5.267243862,8.73404789,-0.05489127,0.004130168,-0.007061256,-40,-15,8,16,45,3.439270735,1.9321208,9.866505623,0.03543951,-0.046630934,0.009859112,340,147,88,95,308
1692755900630134300,1.403002143,-5.237316132,8.744821548,-0.05142726,0.002398162,-0.008127105,-38,-14,9,15,41,3.500322819,1.934514999,9.860519409,0.033707503,-0.031842265,0.018385911,340,139,86,95,311
1692755900631134300,1.401805043,-5.24210453,8.744821548,-0.051826954,0.002531394,-0.008127105,-39,-10,9,20,47,3.502717018,1.938106298,9.859322548,0.034640122,-0.030909648,0.019052068,340,145,88,95,311
1692755900632134300,1.403002143,-5.24449873,8.748413086,-0.051693719,0.002664625,-0.008127105,-40,-14,8,19,45,3.505111217,1.934514999,9.858125687,0.035572741,-0.029977029,0.019584993,340,141,81,92,311
1692755900633134300,1.407790542,-5.249287128,8.74601841,-0.051294025,0.002797856,-0.008127105,-47,-14,9,15,46,3.508702517,1.928529501,9.860519409,0.03650536,-0.029310873,0.020117918,340,144,84,95,312
1692755900634134300,1.407790542,-5.251681328,8.749609947,-0.051027562,0.002797856,-0.008260337,-38,-12,10,18,46,3.507505417,1.923741102,9.861717224,0.037704438,-0.028644716,0.021050537,339,145,84,95,311
1692755900695094900,1.394622445,-5.252878666,8.735244751,-0.051693719,0.001998469,-0.006261868,-48,-13,10,19,46,3.471592426,1.921346903,9.872490883,0.056223582,-0.019984685,0.030909648,340,143,83,96,314
1692755900696094900,1.395819545,-5.246892929,8.735244751,-0.051826954,0.001732006,-0.005862175,-34,-10,8,16,45,3.463212729,1.926135302,9.87608242,0.055557426,-0.019584993,0.030776417,336,143,84,92,312
1692755900697094900,1.397016644,-5.24449873,8.738836288,-0.051960181,0.001598775,-0.005862175,-42,-17,7,20,46,3.45603013,1.9309237,9.878476143,0.055024505,-0.018918836,0.030909648,337,145,91,95,314
1692755900698094900,1.399410844,-5.24449873,8.737639427,-0.052226644,0.001332312,-0.005862175,-40,-12,9,19,45,3.453635931,1.934514999,9.87608242,0.054624807,-0.018785605,0.031042879,337,145,89,96,316
1692755900699094900,1.404199243,-5.246892929,8.73404789,-0.052626338,0.00106585,-0.005462481,-40,-15,6,15,45,3.450044632,1.939303398,9.874884605,0.053825419,-0.018652374,0.030909648,339,145,87,96,312
1692755900753061100,1.414973259,-5.250484467,8.753201485,-0.04729709,0.001332312,-0.005595712,-43,-10,9,15,46,3.429693937,1.883039594,9.871294022,0.050094947,-0.010658499,0.030509954,333,131,85,94,314
1692755900754061100,1.41138196,-5.250484467,8.748413086,-0.047163859,0.00106585,-0.005862175,-40,-10,9,22,44,3.447650433,1.883039594,9.867702484,0.050494641,-0.010125575,0.030376723,327,131,83,95,312
1692755900755061100,1.408987641,-5.250484467,8.748413086,-0.047430322,0.000799387,-0.005862175,-39,-13,6,16,46,3.450044632,1.892616391,9.859322548,0.051027562,-0.009192956,0.030376723,329,129,81,95,313
1692755900756061100,1.405396342,-5.249287128,8.742427826,-0.047563553,0.000399694,-0.005995406,-39,-16,7,18,45,3.446453333,1.89740479,9.856928825,0.051826954,-0.008127105,0.029843798,330,128,87,95,312
1692755900757061100,1.407790542,-5.246892929,8.743624687,-0.048096478,0.000133231,-0.005995406,-34,-15,8,15,44,3.439270735,1.900996208,9.853337288,0.052759573,-0.007594181,0.02904441,331,131,84,95,313
1692755900818025400,1.422155857,-5.255272865,8.748413086,-0.050627869,0.000133231,-0.006928025,-36,-15,5,17,45,3.406949043,1.892616391,9.859322548,0.055024505,-0.016920367,0.022382848,318,126,79,95,317
1692755900819025400,1.424550056,-5.252878666,8.742427826,-0.050094947,0.000133231,-0.007327718,-40,-13,12,20,44,3.403357744,1.891419291,9.864110947,0.055157732,-0.018119449,0.022249617,317,125,81,95,311
1692755900820025400,1.423352957,-5.254075527,8.743624687,-0.049562022,0.000266462,-0.007327718,-37,-14,9,18,45,3.405751944,1.891419291,9.868899345,0.055424199,-0.018918836,0.022116385,321,126,81,92,311
1692755900821025400,1.423352957,-5.249287128,8.741230011,-0.049029093,0.0,-0.007327718,-38,-11,7,22,43,3.404554844,1.892616391,9.870096207,0.056090351,-0.019318528,0.022382848,315,124,78,95,312
1692755900822025400,1.424550056,-5.243301868,8.742427826,-0.048362937,-0.000399694,-0.007860643,-49,-13,15,16,44,3.403357744,1.89620769,9.868899345,0.056490045,-0.019851454,0.022116385,313,125,78,95,312
1692755900895976900,1.41257906,-5.256469727,8.736441612,-0.043833077,-0.000266462,-0.009192956,-38,-7,7,16,44,3.397372246,1.872265697,9.872490883,0.081271052,0.009859112,0.00319755,303,138,79,94,311
1692755900896976900,1.41257906,-5.255272865,8.735244751,-0.043166921,-0.000266462,-0.009059724,-44,-13,7,17,45,3.387795448,1.872265697,9.874884605,0.083935678,0.011457887,0.002264931,302,139,79,92,312
1692755900897976900,1.41018486,-5.252878666,8.731653214,-0.042500768,0.000133231,-0.008793262,-40,-18,7,14,42,3.38061285,1.869871497,9.87608242,0.086999997,0.012656967,0.001732006,303,135,83,94,311
1692755900898976900,1.408987641,-5.245696068,8.730456352,-0.042234302,0.000266462,-0.008393568,-43,-14,8,14,43,3.375824451,1.869871497,9.884461403,0.089664623,0.01385605,0.001465544,297,144,79,92,311
1692755900899976900,1.41018486,-5.24210453,8.726864815,-0.041967839,0.000532925,-0.008127105,-40,-14,9,16,43,3.371036053,1.869871497,9.885659218,0.092995405,0.014388974,0.001332312,298,145,78,93,311
1692755900979929700,1.420958757,-5.210979939,8.759186745,-0.044898927,0.001465544,-0.008393568,-38,-21,9,17,46,3.174711466,1.885433793,9.967061996,0.21556814,0.009859112,-0.038104136,259,148,79,81,280
1692755900980929700,1.420958757,-5.212177277,8.753201485,-0.045698319,0.001598775,-0.008127105,-39,-1,10,16,44,3.183091164,1.8602947,9.96466732,0.221563548,0.002931087,-0.044499233,259,145,78,86,278
1692755900981929700,1.423352957,-5.214571476,8.755595207,-0.046497703,0.001598775,-0.008127105,-36,-13,8,13,45,3.19506216,1.829170108,9.965864182,0.228758052,-0.003330781,-0.049828485,259,147,78,84,272
1692755900982929700,1.425747156,-5.219359875,8.755595207,-0.047430322,0.001598775,-0.008127105,-42,-17,11,18,42,3.204638958,1.787271619,9.955090523,0.237418056,-0.009192956,-0.053958651,253,146,77,80,268
1692755900983929700,1.428141356,-5.222950935,8.756793022,-0.047963247,0.001598775,-0.008127105,-42,-11,3,19,45,3.205836058,1.756146908,9.950302124,0.247410417,-0.01505513,-0.057022974,250,145,77,79,263
1692755901054889400,1.420958757,-5.221754074,8.763975143,-0.049029093,0.002931087,-0.0042634,-44,-15,11,17,46,2.876633406,1.914164305,10.37407589,0.555174589,-0.477767229,-0.128168449,237,137,68,73,150
1692755901055889400,1.420958757,-5.219359875,8.768763542,-0.049428791,0.003064318,-0.003996937,-39,-11,7,16,42,2.881421804,1.950077295,10.42315674,0.584085763,-0.540119469,-0.128834605,231,144,75,72,146
1692755901056889400,1.420958757,-5.216965675,8.768763542,-0.049828485,0.003064318,-0.003730475,-40,-14,6,14,44,2.900575399,1.996764183,10.4878006,0.61606127,-0.607401192,-0.128168449,225,140,75,73,138
1692755901057889400,1.417367458,-5.216965675,8.76636982,-0.050094947,0.003064318,-0.003730475,-32,-11,10,13,45,2.93529129,2.061407566,10.56920338,0.649102569,-0.678413451,-0.125503823,228,137,73,72,135
1692755901058889400,1.418564558,-5.219359875,8.767566681,-0.050361406,0.003064318,-0.003597243,-46,-17,7,15,41,2.981978178,2.145204782,10.65060616,0.681744277,-0.751424193,-0.120041348,218,142,73,72,128
1692755901127843900,1.432929754,-5.266046524,8.708909035,-0.051294025,-0.012124043,-0.005862175,-35,-11,11,19,41,-0.116118781,-1.812410712,10.87446404,0.28564778,0.186790213,0.026379786,-79,-102,2,13,-14
1692755901128843900,1.437718153,-5.273229122,8.706514359,-0.049828485,-0.011457887,-0.004929556,-44,-19,6,14,40,-0.119710088,-1.854309201,10.97142887,0.313493103,0.18079479,0.021316998,-81,-99,-1,13,-15
1692755901129843900,1.440112352,-5.27682066,8.706514359,-0.048096478,-0.01079173,-0.003996937,-39,-12,10,16,41,-0.124498487,-1.865083098,11.06360626,0.338407338,0.177464008,0.017586524,-82,-103,-1,14,-12
1692755901130843900,1.440112352,-5.281609058,8.716091156,-0.046497703,-0.010258805,-0.00319755,-42,-20,8,15,41,-0.128089786,-1.838746905,11.15937424,0.36305514,0.17453292,0.01505513,-83,-103,0,15,-15
1692755901131843900,1.442506552,-5.284003258,8.717288017,-0.04516539,-0.009992342,-0.002531394,-42,-11,7,19,42,-0.130484,-1.801636815,11.27429581,0.386637062,0.170669213,0.01292343,-85,-99,1,14,-16
1692755901221789700,2.080561161,-4.916493416,8.939949036,-0.321886688,-0.044099543,0.188655436,-32,5,49,20,51,-0.313640416,-1.657984734,11.14740276,0.207840726,-0.017719755,0.014388974,-84,-98,-1,14,-19
1692755901222789700,2.069787264,-4.934449673,8.954314232,-0.317756504,-0.046630934,0.189721286,-33,6,51,24,52,-0.348356336,-1.660378933,11.08515358,0.21197091,-0.055424199,0.013722817,-82,-98,-2,14,-18
1692755901223789700,2.066195965,-4.941632271,8.972270966,-0.313626319,-0.049428791,0.19118683,-33,25,52,29,52,-0.383072257,-1.661576033,11.02410126,0.21663399,-0.097791731,0.011457887,-82,-95,-2,11,-15
1692755901224789700,2.067393064,-4.947618008,8.991424561,-0.309229732,-0.052359879,0.191852987,-34,2,49,26,51,-0.416591108,-1.661576033,10.96664047,0.22236295,-0.142690659,0.007727412,-83,-89,0,7,-16
1692755901225789700,2.073378563,-4.941632271,9.006986618,-0.304833084,-0.055024505,0.191719756,-28,11,52,26,49,-0.442927301,-1.662773132,10.92833328,0.229424208,-0.189854518,0.002664625,-81,-79,-2,14,-15
1692755901284754600,1.630451322,-4.759673119,8.950722694,-0.074343033,-0.013323124,0.036905054,-38,-11,47,16,60,-0.604535937,-1.987187386,10.07839203,0.148952529,0.525597215,-1.12353909,-78,-63,0,14,-25
1692755901285754600,1.624465823,-4.766855717,8.950722694,-0.07714089,-0.013189893,0.037171517,-37,-7,42,22,56,-0.636857629,-1.941697598,10.07480049,0.155614093,0.495486975,-1.131000042,-80,-66,-1,7,-26
1692755901286754600,1.624465823,-4.771644115,8.949525833,-0.080071971,-0.013056661,0.036771823,-36,-7,47,20,59,-0.654814184,-1.878251195,10.07719517,0.16520673,0.463511467,-1.141258836,-79,-61,0,14,-25
1692755901287754600,1.623268723,-4.776432514,8.945934296,-0.083935678,-0.012656967,0.035839204,-33,-13,44,19,57,-0.658405483,-1.853112102,10.07958889,0.167604893,0.431935668,-1.152050614,-78,-66,-2,14,-25
1692755901288754600,1.630451322,-4.780023575,8.948328972,-0.08753293,-0.012656967,0.034906585,-40,-15,43,24,56,-0.644040287,-1.818396211,10.07480049,0.16827105,0.402491599,-1.159911156,-83,-62,1,16,-26
1692755901368705300,6.196194172,-3.960009575,7.813477039,-0.295906603,0.246078104,-0.488292485,-2,-7,21,19,15,1.180341482,-0.768538773,10.74996567,0.02158346,-0.228491575,0.05768913,-45,-47,8,18,-8
1692755901369705300,6.206967831,-3.97676897,7.833827972,-0.264730483,0.248609498,-0.478699833,-6,-7,21,19,19,1.169567585,-0.767341673,10.74996567,0.024114855,-0.227692187,0.060486984,-44,-36,9,15,-8
1692755901370705300,6.216544628,-3.975571871,7.855375767,-0.231422648,0.251407355,-0.469107211,-7,-13,24,16,19,1.165976286,-0.761356115,10.75595093,0.026513018,-0.227958649,0.062885143,-45,-41,8,17,-9
1692755901371705300,6.226121426,-3.957615376,7.872135162,-0.195450217,0.25447166,-0.460047454,-4,-9,20,19,18,1.158793569,-0.757764816,10.763134,0.028644716,-0.228891268,0.065283306,-44,-44,12,18,-8
1692755901372705300,6.230909824,-3.921702385,7.888894558,-0.157212853,0.258202136,-0.452320069,-5,-7,24,20,21,1.158793569,-0.758961916,10.76672459,0.029977029,-0.230356812,0.066615619,-47,-45,11,20,-8
1692755901424674700,3.283647537,-3.898957491,8.795100212,0.666555882,-0.39209953,-0.097125575,-1,225,-15,-4,-1,3.296815634,8.886079788,4.181473255,0.356526792,0.36305514,-0.506678402,121,169,217,110,42
1692755901425674700,3.306392431,-3.854664803,8.759186745,0.652566612,-0.396229684,-0.092329249,-1,224,-11,-2,-2,3.302801132,8.901641846,4.175487995,0.364387453,0.387836158,-0.500949442,125,170,219,109,43
1692755901426674700,3.333925962,-3.806780815,8.718485832,0.637245059,-0.400493115,-0.087932616,-1,214,-13,-4,-2,3.306392431,8.926780701,4.180276394,0.372114837,0.413416535,-0.494554371,119,167,221,110,44
1692755901427674700,3.355473757,-3.768473387,8.696937561,0.625920355,-0.403290957,-0.085534461,0,219,-13,-1,-1,3.308786631,8.953117371,4.187458992,0.379309326,0.439663082,-0.487892807,117,158,217,106,44
1692755901428674700,3.387795448,-3.702632904,8.659827232,0.607267976,-0.406888187,-0.083935678,-1,210,-17,-2,-2,3.302801132,8.978256226,4.201824188,0.386637062,0.466309339,-0.48096475,117,158,219,106,44
1692755901474644900,0.081402861,-5.396530628,9.308655739,-0.352529854,-0.283915788,0.797921896,-24,64,-24,-15,-7,8.585607529,1.320402265,5.913678169,-0.060620211,-0.054758042,-0.354928017,-94,-34,76,52,133
1692755901475644900,0.053869538,-5.442020416,9.267954826,-0.334410399,-0.292309314,0.783532917,-27,65,-21,-13,-11,8.552088737,1.302445769,5.912481308,-0.037837673,-0.011058193,-0.37917611,-96,-34,75,51,129
1692755901476644900,0.033518825,-5.482721806,9.232041359,-0.31216079,-0.301901996,0.770609498,-26,66,-23,-10,-12,8.503006935,1.290474772,5.904101372,-0.014788668,0.02904441,-0.39889431,-90,-33,75,52,125
1692755901477644900,0.015562311,-5.512649536,9.200917244,-0.28671363,-0.311761081,0.759950995,-20,66,-22,-13,-7,8.437167168,1.292868972,5.882553577,0.008127105,0.064084224,-0.413816214,-91,-34,76,49,128
1692755901478644900,0.002394202,-5.537788391,9.172186852,-0.259134769,-0.320954055,0.75155741,-21,64,-25,-18,-12,8.364143372,1.303642869,5.857414246,0.030243492,0.093395106,-0.4243415,-91,-32,76,48,124
1692755901542606100,1.169567585,-3.758896589,9.463082314,-0.280052066,-0.236751899,0.019451762,-33,17,-7,-8,-18,1.086967587,-0.986411095,10.67933655,0.084202148,-0.272324651,0.312560499,-75,-43,0,-11,-28
1692755901543606100,1.164779186,-3.782838583,9.463082314,-0.283382833,-0.238084227,0.019318528,-33,0,-6,-9,-18,1.092953086,-0.990002394,10.66975975,0.087932616,-0.276454836,0.31788975,-73,-27,1,-10,-28
1692755901544606100,1.167173386,-3.804386616,9.465476036,-0.284715146,-0.239150077,0.020251149,-33,17,-7,-9,-19,1.101332784,-0.986411095,10.66018295,0.091529861,-0.280185282,0.322286367,-75,-25,-1,-11,-28
1692755901545606100,1.173158884,-3.831919909,9.47146225,-0.286180705,-0.240215927,0.021183766,-33,17,-6,-9,-18,1.109712481,-0.986411095,10.64821243,0.094860643,-0.283249617,0.326016843,-73,-23,0,-7,-26
1692755901546606100,1.180341482,-3.858256102,9.469067574,-0.286047459,-0.241415009,0.022116385,-32,29,-5,-7,-14,1.120486379,-0.981622696,10.63863564,0.097791731,-0.285914242,0.328415006,-75,-23,1,-12,-25
1692755901586580500,2.503137827,-4.845864296,8.410830498,-0.017719755,0.111514546,0.257269531,-27,0,40,7,12,1.169567585,0.429759204,10.72003841,0.187856048,-0.165606424,0.281784087,-93,-52,1,-8,-34
1692755901587580500,2.498349428,-4.866214752,8.43956089,-0.038104136,0.130966306,0.239150077,-28,0,37,7,8,1.183932781,0.423773706,10.71764374,0.18385911,-0.166805506,0.277520686,-90,-54,1,-13,-34
1692755901588580500,2.479195833,-4.90571928,8.464699745,-0.059154671,0.148819283,0.219165385,-24,-5,39,7,10,1.194706678,0.415394008,10.71165848,0.180395097,-0.167604893,0.273257256,-90,-51,2,-12,-36
1692755901589580500,2.444479942,-4.948814869,8.495824814,-0.082603365,0.163208261,0.198914245,-28,0,39,8,13,1.209071875,0.404620081,10.7044754,0.177863702,-0.168004602,0.268993855,-89,-49,3,-12,-37
1692755901590580500,2.410961151,-4.996698856,8.541314125,-0.108183771,0.173600301,0.178796321,-31,-1,42,8,13,1.223437071,0.391451985,10.699687,0.175732017,-0.16773814,0.264730483,-90,-53,1,-12,-35
1692755901676528600,2.050633669,-5.957971096,8.452729225,0.005329249,0.169736609,-0.666156173,-14,56,58,7,14,1.811213613,-0.822408259,10.36090755,0.136428788,-0.047030624,-1.679113388,-75,-7,3,-7,-28
1692755901677528600,2.070984364,-5.919663906,8.47188282,0.028777948,0.158944875,-0.648436427,-16,58,57,7,12,1.8602947,-0.731428623,10.35492229,0.156147003,-0.005995406,-1.69123733,-76,-5,3,-8,-30
1692755901678528600,2.098517895,-5.859808445,8.493430138,0.052359879,0.149218991,-0.630583465,-15,61,58,9,13,1.910573006,-0.646434486,10.35611916,0.175865233,0.035705972,-1.6994977,-77,-13,3,-10,-27
1692755901679528600,2.128445387,-5.778405666,8.512583733,0.074209802,0.140558958,-0.613663077,-14,59,58,10,14,1.959654093,-0.566228688,10.35971069,0.195317,0.07794027,-1.703228116,-76,-11,3,-10,-33
1692755901680528600,2.15358448,-5.691017628,8.531737328,0.092995405,0.132298619,-0.597941756,-16,59,58,11,13,1.990778685,-0.518344641,10.35971069,0.208373666,0.106185302,-1.702828526,-76,-23,3,-11,-29
1692755901740492400,1.33716166,-4.623203278,9.380482674,-0.014122511,0.257269531,0.139493108,-32,17,48,3,25,1.033097982,0.14844051,10.35971069,-0.063551299,-0.025313934,0.082470134,-97,-67,-6,-18,-28
1692755901741492400,1.303642869,-4.633977413,9.380482674,-0.01292343,0.23635222,0.13456355,-30,6,47,1,25,1.04147768,0.116118781,10.3453455,-0.065549769,-0.026246555,0.089398161,-94,-66,-5,-19,-36
1692755901742492400,1.270123959,-4.637568474,9.381679535,-0.010125575,0.215168446,0.128701374,-28,6,54,6,26,1.046266198,0.08499416,10.33217716,-0.066082694,-0.027179174,0.09739203,-93,-66,-5,-20,-34
1692755901743492400,1.240196466,-4.633977413,9.376891136,-0.005995406,0.193584993,0.121640123,-33,21,47,4,26,1.053448796,0.053869538,10.31541824,-0.065150075,-0.028245023,0.106584989,-94,-66,-5,-18,-34
1692755901744492400,1.213860273,-4.618414879,9.363722801,-0.000666156,0.172001526,0.113379791,-34,17,46,7,27,1.063025594,0.022744916,10.29985619,-0.062485453,-0.02917764,0.116444103,-94,-67,-5,-18,-35
1692755901798459100,1.912967205,-4.817133904,8.924386978,-0.057422664,0.115644716,0.025447167,-40,7,36,0,31,0.620098233,0.430956304,10.60631371,-0.001732006,0.026513018,-0.178529859,-87,-45,-7,-20,-29
1692755901799459100,1.910573006,-4.827907562,8.926780701,-0.055157732,0.115511484,0.027845331,-46,17,37,6,34,0.628477931,0.433350503,10.60751057,-0.006794794,0.024514547,-0.181993872,-83,-50,-7,-16,-30
1692755901800459100,1.905784607,-4.839878559,8.932766914,-0.052359879,0.115111791,0.030776417,-36,17,35,2,33,0.63087213,0.432153404,10.60870743,-0.011457887,0.022649311,-0.185724348,-91,-47,-5,-19,-35
1692755901801459100,1.909375906,-4.847061157,8.935160637,-0.049562022,0.114179172,0.033441041,-36,6,36,6,31,0.640448928,0.433350503,10.60391903,-0.015454824,0.021050537,-0.189588055,-88,-49,-7,-22,-30
1692755901802459100,1.915361404,-4.853046894,8.936357498,-0.046764165,0.113646246,0.036238898,-44,17,35,3,28,0.652419984,0.429759204,10.59554005,-0.019052068,0.019718224,-0.193584993,-88,-47,-7,-16,-34
1692755901852429000,1.832761407,-4.712985992,8.937555313,-0.10778407,-0.035306279,0.045032158,-32,9,21,9,29,0.33399114,-0.16759412,10.41836834,0.141358346,-0.127369061,0.116843797,-93,-75,-5,-17,-30
1692755901853429000,1.835155606,-4.721365929,8.923190117,-0.108716697,-0.031842265,0.045431852,-33,9,20,7,30,0.345962137,-0.181959331,10.41118622,0.120840736,-0.120973967,0.111781009,-90,-73,-7,-18,-31
1692755901854429000,1.833958507,-4.730942726,8.911218643,-0.109516084,-0.029577335,0.045698319,-24,17,24,7,32,0.354341865,-0.195127442,10.40759468,0.101522207,-0.114578865,0.106718227,-91,-69,-6,-18,-29
1692755901855429000,1.825578809,-4.745307922,8.894459724,-0.110581927,-0.026246555,0.045698319,-32,17,21,6,29,0.362721562,-0.208295554,10.41357994,0.083935678,-0.108450226,0.101522207,-91,-68,-7,-19,-30
1692755901856429000,1.816002011,-4.763264179,8.880094528,-0.112447165,-0.022915773,0.04623124,-34,10,21,4,29,0.37349546,-0.220266551,10.41357994,0.067947932,-0.10285452,0.095926493,-91,-67,-8,-18,-32
1692755901902399300,1.383848548,-4.866214752,8.929175377,-0.037437979,0.039702907,0.004529862,-35,-3,7,4,12,-0.280121595,-0.234631762,10.55483818,-0.080871366,-0.112047479,-0.179462478,-87,-69,-11,-7,-30
1692755901903399300,1.37666595,-4.863820553,8.933963776,-0.039836142,0.041168455,0.004529862,-35,0,4,4,4,-0.29568392,-0.227449164,10.56082344,-0.079805516,-0.113513015,-0.181460962,-85,-70,-8,-5,-32
1692755901904399300,1.369483352,-4.865017891,8.942343712,-0.042367533,0.041967839,0.004130168,-36,2,4,7,9,-0.307654917,-0.226252064,10.57399178,-0.079805516,-0.114712104,-0.183992341,-85,-68,-11,-4,-36
1692755901905399300,1.363497853,-4.86980629,8.947132111,-0.044898927,0.042500768,0.003863706,-36,3,4,3,5,-0.325611442,-0.222660765,10.58117485,-0.081937209,-0.114978559,-0.188388973,-85,-66,-13,-7,-35
1692755901906399300,1.357512355,-4.874594688,8.953117371,-0.047163859,0.042633995,0.00319755,-35,0,7,3,7,-0.342370838,-0.229843363,10.56321812,-0.083935678,-0.113779478,-0.195050538,-85,-70,-17,-8,-32
1692755901961365000,0.393846184,-4.581305027,9.175778389,-0.053159267,-0.005995406,-0.01292343,-34,2,-28,2,5,2.248155355,0.33399114,9.762357712,0.01398928,-1.268761039,-1.167105675,-50,-61,13,8,-6
1692755901962365000,0.397437483,-4.565742493,9.173383713,-0.053958651,-0.006528331,-0.01385605,-33,-1,-28,2,7,2.321178436,0.347159237,9.737217903,0.011990812,-1.262099624,-1.177630901,-49,-62,14,11,-6
1692755901963365000,0.397437483,-4.554968834,9.174580574,-0.055024505,-0.006794794,-0.01505513,-34,3,-27,2,4,2.395398855,0.356736064,9.707290649,0.009326187,-1.25437212,-1.18735683,-51,-61,12,12,-8
1692755901964365000,0.395043284,-4.546588898,9.179368973,-0.056490045,-0.007061256,-0.015987748,-33,1,-27,0,7,2.456450939,0.362721562,9.668983459,0.007860643,-1.245578766,-1.195750356,-49,-58,11,13,-4
1692755901965365000,0.392649084,-4.541800499,9.175778389,-0.058488514,-0.007460949,-0.016653905,-34,-7,-28,0,7,2.513911724,0.378283858,9.622296333,0.008393568,-1.236252666,-1.203344584,-46,-57,11,15,-4
1692755902025328400,1.242590666,-5.503072739,7.710526466,-0.681611061,-0.160410419,-1.87509644,-39,0,29,8,-2,-0.490811348,0.117315881,11.01093388,-0.271125585,0.403157741,-0.145754978,-66,-52,-6,-3,-9
1692755902026328400,1.333570361,-5.430049419,7.644686222,-0.67268455,-0.142290965,-1.866836071,-34,0,27,7,-2,-0.500388145,0.10055647,10.99058247,-0.269526809,0.3885023,-0.152549773,-66,-57,-4,-6,-8
1692755902027328400,1.418564558,-5.35343504,7.584830761,-0.661626339,-0.124970905,-1.855911136,-38,0,26,11,-1,-0.505176544,0.077811554,10.97382355,-0.266329229,0.371581942,-0.15787901,-66,-53,-3,-10,-10
1692755902028328400,1.492784739,-5.278017521,7.534552574,-0.650301635,-0.106318533,-1.840589523,-36,3,28,9,-2,-0.507570744,0.056263741,10.96304989,-0.260866761,0.352396637,-0.161343038,-69,-56,-11,-6,-9
1692755902029328400,1.56101954,-5.210979939,7.485471725,-0.638577342,-0.086999997,-1.821537495,-37,3,28,6,-2,-0.501585245,0.033518825,10.95826149,-0.253805518,0.331079632,-0.163341507,-70,-59,-6,-6,-11
1692755902083296100,5.803544998,-2.224213362,8.43956089,-0.607401192,1.478866816,0.20411025,-26,29,83,26,62,1.513135433,-0.530315697,10.58356857,0.06008729,-0.149352223,-0.110581927,-78,-69,-20,-50,2
1692755902084296100,5.83466959,-2.34033227,8.584410667,-0.580888212,1.525231242,0.312960178,-24,29,81,29,62,1.514332533,-0.52073884,10.57399178,0.055690661,-0.152416542,-0.109116383,-77,-71,-23,-48,1
1692755902085296100,5.850231647,-2.425326347,8.676587105,-0.560503781,1.555741191,0.385437965,-27,28,83,28,62,1.516726732,-0.511162043,10.56441498,0.0528928,-0.156013787,-0.107117914,-79,-73,-20,-47,0
1692755902086296100,5.869385242,-2.555810213,8.809465408,-0.526263416,1.600373626,0.493888199,-26,27,82,28,62,1.520318031,-0.501585245,10.55603504,0.050894335,-0.159744263,-0.104320064,-78,-72,-20,-42,-5
1692755902087296100,5.884947777,-2.687491417,8.932766914,-0.488026023,1.644073486,0.602205217,-28,29,80,28,62,1.52510643,-0.490811348,10.55603504,0.049961712,-0.163208261,-0.100856051,-81,-71,-21,-40,-2
1692755902140263600,6.190208435,-4.819528103,7.028179169,-1.315125585,0.095793262,0.183059722,128,379,906,808,1229,0.48482585,0.808043063,13.50090313,0.063018374,-1.192952514,0.602871358,-87,-70,-15,-33,-12
1692755902141263600,6.221333027,-4.882974148,7.02339077,-1.301136374,0.106584989,0.195450217,127,381,905,806,1219,0.499191046,0.809240162,13.51407146,0.073143952,-1.249842286,0.647104144,-89,-70,-15,-32,-9
1692755902142263600,6.239289761,-4.947618008,7.007828236,-1.28341651,0.118575804,0.20824042,127,378,907,807,1219,0.503979445,0.829590917,13.50569153,0.086733535,-1.305133224,0.693202138,-86,-67,-17,-33,-12
1692755902143263600,6.240486622,-5.023035049,6.974309444,-1.260633945,0.131366,0.220897391,128,381,906,807,1216,0.469263524,0.889445961,13.46259594,0.101255737,-1.359891295,0.739433408,-86,-67,-12,-33,-10
1692755902144263600,6.217741966,-5.099649429,6.934805393,-1.232522249,0.143090352,0.233954057,130,378,903,806,1217,0.441730201,0.93014735,13.41112041,0.113912709,-1.396130085,0.769810081,-86,-69,-13,-33,-12
1692755902200231800,4.112041473,-4.481945515,8.487444878,-0.198914245,0.203710571,-0.175332308,16,31,-4,7,105,5.675455093,1.380257249,9.25957489,-0.282583475,-1.099024534,0.529860616,10,359,252,222,558
1692755902201231800,4.083311081,-4.465186119,8.476671219,-0.204509944,0.210638598,-0.164940268,16,31,-3,10,103,5.705382824,1.323993564,9.277531624,-0.279252678,-1.075842261,0.543450236,11,375,263,229,576
1692755902202231800,4.059369087,-4.452018261,8.47786808,-0.207840726,0.215168446,-0.158678412,9,30,-6,11,97,5.720944881,1.279700756,9.234436035,-0.270859122,-1.03467381,0.560370564,13,382,272,238,596
1692755902203231800,4.039018154,-4.444835663,8.476671219,-0.211171508,0.219565079,-0.153882071,8,32,-5,4,97,5.734113216,1.250970364,9.173383713,-0.258735061,-1.000699759,0.572228134,17,393,282,250,616
1692755902204231800,4.013879299,-4.438849926,8.474276543,-0.21450229,0.223029092,-0.150950998,16,32,-3,7,96,5.768828869,1.224634171,9.099164009,-0.251274139,-0.96512711,0.582087338,17,404,289,255,631
1692755902265191800,3.707421303,-4.650736809,8.570044518,-0.119641654,0.026513018,-0.176131696,9,32,-9,6,93,5.94719696,1.065419793,8.629899979,0.208373666,-0.086999997,0.457516104,52,577,476,346,874
1692755902266191800,3.724180698,-4.643554211,8.578424454,-0.116310872,0.015854517,-0.171868294,17,32,-6,8,92,5.888539314,1.047463298,8.570044518,0.245278716,-0.044366002,0.446457893,55,585,478,349,887
1692755902267191800,3.739742994,-4.627991676,8.584410667,-0.114045948,0.006661562,-0.166672289,16,32,-6,4,90,5.83466959,1.053448796,8.528146744,0.282450229,-0.002797856,0.433401227,55,587,484,351,898
1692755902268191800,3.763684988,-4.614823818,8.590395927,-0.112447165,-0.000532925,-0.161209792,17,32,-6,7,90,5.777208805,1.092953086,8.440757751,0.318022966,0.035572741,0.415814698,65,596,492,353,914
1692755902269191800,3.791218281,-4.595670223,8.593987465,-0.11191424,-0.008260337,-0.153349161,8,33,-6,6,92,5.767632008,1.071405292,8.29830265,0.349732012,0.066615619,0.392366022,65,602,501,353,919
1692755902324157800,3.904942989,-4.675876141,8.51617527,-0.091663092,0.039036751,-0.028245023,4,31,-9,3,81,5.984307289,1.641225219,8.565256119,0.377444088,0.355860651,0.318822354,193,652,546,415,1020
1692755902325157800,3.90135169,-4.690241337,8.519766808,-0.081937209,0.042234302,-0.023448698,6,29,-6,8,79,5.907692909,1.722628117,8.590395927,0.335076571,0.381973952,0.320687592,209,652,547,416,1022
1692755902326157800,3.896563292,-4.702212334,8.51617527,-0.071278714,0.045431852,-0.018785605,8,29,-7,2,79,5.851428986,1.772906303,8.543708801,0.290177643,0.407554358,0.318022966,213,657,550,413,1022
1692755902327157800,3.886986494,-4.717774391,8.51019001,-0.059954058,0.04769678,-0.014522205,10,32,-6,7,78,5.810727596,1.810016513,8.432378769,0.246211335,0.429137826,0.312427253,225,656,551,415,1024
1692755902328157800,3.875015497,-4.730942726,8.505401611,-0.048762634,0.049162328,-0.010392036,16,32,-11,7,79,5.760449409,1.832761407,8.288725853,0.202111781,0.442194492,0.304566622,237,657,551,417,1025
1692755902375128200,3.805583715,-4.612429619,8.498218536,0.053958651,0.020117918,0.015721286,16,32,-6,10,78,5.776011467,0.9672575,7.870938301,0.245411947,0.327615619,0.164274111,366,668,542,400,1033
1692755902376128200,3.812766314,-4.608838081,8.50420475,0.048496172,0.019851454,0.016787136,18,31,-9,6,78,5.75805521,1.079784989,7.965508938,0.276454836,0.333611012,0.151617154,371,669,537,400,1036
1692755902377128200,3.818751812,-4.608838081,8.51617527,0.042500768,0.020251149,0.01825268,20,33,-8,6,78,5.767632008,1.127668977,8.007407188,0.29603982,0.340405822,0.140159264,372,670,541,386,1034
1692755902378128200,3.822343111,-4.614823818,8.52216053,0.036771823,0.021050537,0.019984685,18,31,-9,6,78,5.76404047,1.182735682,8.044517517,0.310029089,0.346800923,0.130166918,375,670,536,384,1036
1692755902379128200,3.822343111,-4.627991676,8.532935143,0.031442571,0.022382848,0.021716693,16,33,-6,6,78,5.72573328,1.268926859,8.075642586,0.321087271,0.352130175,0.121240422,376,670,539,382,1034
1692755902431097800,3.748122692,-4.774038315,8.524555206,-0.001465544,-0.003863706,0.008526799,16,31,-7,6,78,5.493495941,1.380257249,8.397662163,0.342404276,0.179862171,-0.003996937,436,654,531,335,1047
1692755902432097800,3.740940094,-4.784811974,8.51617527,-0.002797856,-0.009459418,0.004663093,9,29,-6,1,75,5.54018259,1.358709455,8.423998833,0.367185295,0.177730486,-0.013189893,436,655,529,335,1045
1692755902433097800,3.734954596,-4.79319191,8.508993149,-0.0042634,-0.015321592,0.000799387,17,32,-9,7,78,5.570110321,1.368286252,8.459911346,0.395963252,0.17866309,-0.023448698,437,653,533,335,1047
1692755902434097800,3.728969097,-4.79917717,8.503006935,-0.005995406,-0.021450229,-0.002264931,18,29,-5,2,77,5.584475517,1.383848548,8.473079681,0.426073521,0.182660028,-0.033973966,441,654,532,333,1048
1692755902435097800,3.721786499,-4.795586109,8.489839554,-0.007594181,-0.028111791,-0.005462481,16,32,-6,6,78,5.588066578,1.392228246,8.458714485,0.459248066,0.187456369,-0.043566614,445,645,529,335,1052
1692755902502055200,3.885789394,-4.866214752,8.383296967,-0.101522207,-0.071678407,-0.031709034,10,32,-6,7,73,5.114014626,1.981201887,8.623914719,1.029344559,-0.029577335,-0.122972436,479,632,529,353,1079
1692755902503055200,3.896563292,-4.871003151,8.379706383,-0.099656969,-0.07087902,-0.029710567,16,32,-6,4,75,5.056553841,2.149993181,8.753201485,1.025081158,-0.059287902,-0.118442573,487,633,527,356,1079
1692755902504055200,3.904942989,-4.87339735,8.376114845,-0.096725874,-0.069946401,-0.027712099,10,32,-9,3,71,5.066130638,2.284068346,8.769960403,1.020950913,-0.082203679,-0.120840736,487,629,533,360,1079
1692755902505055200,3.909731388,-4.874594688,8.373720169,-0.093128636,-0.068347625,-0.025580399,17,31,-5,7,73,5.123591423,2.264914751,8.643068314,1.025614142,-0.100056656,-0.133630931,490,631,533,363,1082
1692755902506055200,3.913322687,-4.880579948,8.374917984,-0.088732004,-0.066349156,-0.023182238,17,32,-6,3,72,5.215768337,2.086546898,8.453926086,1.03573966,-0.123771824,-0.142290965,493,625,536,366,1084
