,timestamp,left_data_Ac_X,left_data_Ac_Y,left_data_Ac_Z,left_data_Gy_X,left_data_Gy_Y,left_data_Gy_Z,left_data_flex_1,left_data_flex_2,left_data_flex_3,left_data_flex_4,left_data_flex_5
0,1693677253268694400,0.573411286,-0.835576415,10.37407589,-0.064883612,-0.004663093,-0.009992342,-16,50,99,15,14
1,1693677253269694400,0.574608386,-0.839167714,10.37168217,-0.064750381,-0.004529862,-0.010258805,-16,56,97,14,15
2,1693677253270694400,0.573411286,-0.831985116,10.37048435,-0.064750381,-0.004529862,-0.010525269,-17,50,99,15,14
3,1693677253271694400,0.573411286,-0.833182216,10.36569595,-0.064883612,-0.004396631,-0.010525269,-20,49,91,18,14
4,1693677253272694400,0.572214186,-0.833182216,10.36569595,-0.064750381,-0.004396631,-0.010658499,-23,50,95,14,14
0,1693677253313720000,0.561440289,-0.839167714,10.36090755,-0.064750381,-0.004529862,-0.010258805,-18,54,97,13,19
1,1693677253314720000,0.565031588,-0.835576415,10.36090755,-0.064750381,-0.004663093,-0.010125575,-19,38,95,14,14
2,1693677253315720000,0.563834488,-0.836773515,10.35971069,-0.064483918,-0.004663093,-0.010258805,-15,50,96,15,14
3,1693677253316720000,0.563834488,-0.836773515,10.35372543,-0.06461715,-0.004529862,-0.010392036,-24,49,90,13,9
4,1693677253317720000,0.565031588,-0.835576415,10.35492229,-0.064750381,-0.004529862,-0.010525269,-18,53,90,19,16
0,1693677253338722200,0.566228688,-0.827196658,10.36449909,-0.065016843,-0.003996937,-0.010658499,-17,58,92,18,14
1,1693677253339722200,0.562637389,-0.827196658,10.36449909,-0.065016843,-0.003996937,-0.010658499,-16,53,93,13,12
2,1693677253340722200,0.562637389,-0.829590917,10.36330223,-0.065150075,-0.003863706,-0.010658499,-12,50,99,11,14
3,1693677253341722200,0.562637389,-0.833182216,10.36449909,-0.065016843,-0.003863706,-0.010392036,-22,58,97,13,8
4,1693677253342722200,0.563834488,-0.834379315,10.36449909,-0.065016843,-0.003996937,-0.010392036,-19,49,92,13,14
0,1693677253359709100,0.567425787,-0.831985116,10.36449909,-0.064750381,-0.004130168,-0.009992342,-20,57,97,14,15
1,1693677253360709100,0.568622887,-0.833182216,10.36330223,-0.064483918,-0.0042634,-0.009992342,-18,50,95,13,12
2,1693677253361709100,0.567425787,-0.835576415,10.36090755,-0.064483918,-0.004396631,-0.010125575,-16,49,90,13,8
3,1693677253362709100,0.569819987,-0.837970614,10.35971069,-0.064483918,-0.004396631,-0.010258805,-14,51,99,14,14
4,1693677253363709100,0.569819987,-0.837970614,10.36090755,-0.064350687,-0.004396631,-0.010392036,-18,54,91,20,14
0,1693677253375699700,0.572214186,-0.841561913,10.35133076,-0.064483918,-0.004663093,-0.010525269,-20,48,94,18,14
1,1693677253376699700,0.573411286,-0.842759013,10.35492229,-0.064483918,-0.004663093,-0.010658499,-19,48,99,14,14
2,1693677253377699700,0.573411286,-0.839167714,10.35731697,-0.064350687,-0.004529862,-0.01079173,-19,57,92,13,14
3,1693677253378699700,0.569819987,-0.836773515,10.35851383,-0.064483918,-0.004396631,-0.010924961,-18,57,96,16,13
4,1693677253379699700,0.568622887,-0.837970614,10.35971069,-0.064483918,-0.0042634,-0.011058193,-17,50,93,17,16
0,1693677253392692400,0.567425787,-0.839167714,10.37766743,-0.064350687,-0.0042634,-0.010125575,-24,51,90,14,15
1,1693677253393692400,0.567425787,-0.840364814,10.38125896,-0.064350687,-0.0042634,-0.010258805,-19,45,97,13,9
2,1693677253394692400,0.566228688,-0.841561913,10.38125896,-0.064350687,-0.004663093,-0.010392036,-33,44,96,18,3
3,1693677253395692400,0.567425787,-0.842759013,10.38006115,-0.064350687,-0.004663093,-0.010392036,-19,56,91,13,15
4,1693677253396692400,0.565031588,-0.845153213,10.37766743,-0.064350687,-0.004663093,-0.010392036,-17,53,103,18,14
0,1693677253417677300,0.562637389,-0.842759013,10.36689377,-0.065016843,-0.0042634,-0.010125575,-18,51,99,14,14
1,1693677253418677300,0.568622887,-0.840364814,10.37048435,-0.064883612,-0.004396631,-0.010258805,-22,47,103,22,25
2,1693677253419677300,0.571017087,-0.837970614,10.36809063,-0.064883612,-0.004396631,-0.010258805,-12,65,95,16,14
3,1693677253420677300,0.571017087,-0.836773515,10.36569595,-0.064750381,-0.0042634,-0.010525269,-17,52,96,14,14
4,1693677253421677300,0.575805485,-0.839167714,10.36330223,-0.064750381,-0.004529862,-0.010392036,-16,51,99,16,19
0,1693677253436667400,0.569819987,-0.839167714,10.36689377,-0.064350687,-0.003996937,-0.010258805,-20,53,91,17,13
1,1693677253437667400,0.569819987,-0.837970614,10.36689377,-0.064217456,-0.004130168,-0.010125575,-18,50,96,13,11
2,1693677253438667400,0.567425787,-0.836773515,10.36569595,-0.064350687,-0.004130168,-0.010125575,-18,49,96,13,16
3,1693677253439667400,0.569819987,-0.836773515,10.36809063,-0.064350687,-0.0042634,-0.010392036,0,65,105,31,28
4,1693677253440667400,0.568622887,-0.836773515,10.36330223,-0.064217456,-0.003996937,-0.010258805,-17,51,96,14,14
0,1693677253451655800,0.561440289,-0.834379315,10.36090755,-0.064483918,-0.004663093,-0.010392036,-21,49,89,13,13
1,1693677253452655800,0.561440289,-0.833182216,10.36090755,-0.06461715,-0.004796324,-0.010525269,-16,49,91,18,17
2,1693677253453655800,0.562637389,-0.833182216,10.36330223,-0.06461715,-0.004796324,-0.010525269,-19,43,95,14,15
3,1693677253454655800,0.566228688,-0.834379315,10.36210537,-0.06461715,-0.004929556,-0.010525269,-22,61,96,15,12
4,1693677253455655800,0.566228688,-0.830788016,10.36090755,-0.06461715,-0.004796324,-0.010525269,-20,64,93,15,13
0,1693677253468667600,0.573411286,-0.840364814,10.36449909,-0.065150075,-0.004796324,-0.010525269,-18,45,92,13,14
1,1693677253469667600,0.569819987,-0.839167714,10.36449909,-0.064883612,-0.004796324,-0.010525269,-24,51,95,13,14
2,1693677253470667600,0.569819987,-0.837970614,10.36689377,-0.065016843,-0.004929556,-0.010525269,-14,52,96,13,14
3,1693677253471667600,0.568622887,-0.836773515,10.36928749,-0.064883612,-0.004929556,-0.010525269,-16,48,95,12,17
4,1693677253472667600,0.566228688,-0.835576415,10.36689377,-0.064883612,-0.004929556,-0.010392036,-15,59,93,13,15
0,1693677253485635500,0.55784899,-0.830788016,10.36449909,-0.064483918,-0.0042634,-0.010125575,-16,43,91,17,14
1,1693677253486635500,0.55784899,-0.831985116,10.36330223,-0.064750381,-0.004396631,-0.010125575,-16,51,94,16,13
2,1693677253487635500,0.55784899,-0.833182216,10.35971069,-0.06461715,-0.0042634,-0.010258805,-22,54,95,13,14
3,1693677253488635500,0.55904609,-0.833182216,10.35971069,-0.064483918,-0.004396631,-0.010258805,-14,48,79,15,14
4,1693677253489635500,0.560243189,-0.831985116,10.36210537,-0.064483918,-0.0042634,-0.010525269,-22,50,93,14,14
0,1693677253510622800,0.562637389,-0.847547412,10.37048435,-0.06461715,-0.0042634,-0.010258805,-21,54,95,14,15
1,1693677253511622800,0.562637389,-0.848744512,10.37407589,-0.06461715,-0.0042634,-0.010258805,-19,47,99,18,16
2,1693677253512622800,0.565031588,-0.848744512,10.37886429,-0.064483918,-0.0042634,-0.010125575,-19,53,95,15,14
3,1693677253513622800,0.563834488,-0.845153213,10.38006115,-0.064483918,-0.004130168,-0.010125575,-19,51,91,13,14
4,1693677253514622800,0.567425787,-0.843956113,10.37287903,-0.06461715,-0.004130168,-0.010125575,-19,48,100,14,12
0,1693677253528614400,0.568622887,-0.839167714,10.38365269,-0.064883612,-0.004663093,-0.009725881,-16,49,97,13,14
1,1693677253529614400,0.569819987,-0.837970614,10.38125896,-0.064883612,-0.004529862,-0.009859112,-16,32,122,7,14
2,1693677253530614400,0.572214186,-0.836773515,10.37766743,-0.064883612,-0.004529862,-0.009859112,-20,50,97,11,14
3,1693677253531614400,0.572214186,-0.834379315,10.37766743,-0.06461715,-0.004396631,-0.009992342,-14,57,96,13,14
4,1693677253532614400,0.571017087,-0.833182216,10.38006115,-0.06461715,-0.004529862,-0.009725881,-17,53,95,12,14
0,1693677253544601500,0.566228688,-0.841561913,10.36330223,-0.064350687,-0.004396631,-0.009992342,-14,52,96,24,14
1,1693677253545601500,0.566228688,-0.840364814,10.36330223,-0.064350687,-0.0042634,-0.010125575,-28,5,71,24,23
2,1693677253546601500,0.565031588,-0.839167714,10.36449909,-0.064483918,-0.004529862,-0.010125575,-20,26,96,14,14
3,1693677253547601500,0.566228688,-0.839167714,10.36569595,-0.064483918,-0.004529862,-0.009992342,-17,26,58,11,14
4,1693677253548601500,0.566228688,-0.835576415,10.37048435,-0.064483918,-0.0042634,-0.010125575,-24,45,96,13,11
0,1693677253559595200,0.565031588,-0.828393817,10.36689377,-0.064217456,-0.0042634,-0.009859112,-18,46,93,18,13
1,1693677253560595200,0.561440289,-0.827196658,10.36928749,-0.064350687,-0.004396631,-0.009859112,-19,54,91,16,15
2,1693677253561595200,0.563834488,-0.824802458,10.37048435,-0.064217456,-0.004396631,-0.009992342,-17,51,94,13,14
3,1693677253562595200,0.562637389,-0.825999558,10.37168217,-0.064217456,-0.0042634,-0.009859112,-20,48,90,13,15
4,1693677253563595200,0.560243189,-0.828393817,10.37168217,-0.064350687,-0.004396631,-0.009859112,-21,52,92,15,13
0,1693677253574586500,0.563834488,-0.840364814,10.35611916,-0.064883612,-0.004529862,-0.010125575,-19,51,95,14,11
1,1693677253575586500,0.563834488,-0.841561913,10.36090755,-0.064883612,-0.004529862,-0.010125575,-22,54,91,16,14
2,1693677253576586500,0.561440289,-0.841561913,10.36330223,-0.064883612,-0.0042634,-0.010125575,-16,52,96,15,14
3,1693677253577586500,0.561440289,-0.840364814,10.36210537,-0.064883612,-0.004396631,-0.010258805,-18,53,92,12,13
4,1693677253578586500,0.55904609,-0.841561913,10.36449909,-0.064883612,-0.004396631,-0.010392036,-15,51,92,15,19
0,1693677253589577300,0.562637389,-0.836773515,10.36928749,-0.06461715,-0.0042634,-0.010392036,-12,51,95,16,14
1,1693677253590577300,0.565031588,-0.836773515,10.36569595,-0.064483918,-0.0042634,-0.010258805,-13,43,91,13,10
2,1693677253591577300,0.563834488,-0.834379315,10.36928749,-0.06461715,-0.004529862,-0.009992342,-16,49,99,13,14
3,1693677253592577300,0.565031588,-0.834379315,10.36928749,-0.064483918,-0.004796324,-0.009859112,-16,54,90,13,11
4,1693677253593577300,0.567425787,-0.834379315,10.37647057,-0.064483918,-0.004796324,-0.009859112,-19,50,92,13,14
0,1693677253604570400,0.567425787,-0.835576415,10.37766743,-0.064483918,-0.005062787,-0.010258805,-15,51,95,15,15
1,1693677253605570400,0.565031588,-0.835576415,10.37647057,-0.064350687,-0.005196018,-0.010392036,-12,46,92,13,13
2,1693677253606570400,0.565031588,-0.835576415,10.37886429,-0.064217456,-0.005196018,-0.010392036,-21,50,92,13,14
3,1693677253607570400,0.566228688,-0.835576415,10.37168217,-0.064350687,-0.005062787,-0.010258805,-22,51,93,17,14
4,1693677253608570400,0.567425787,-0.836773515,10.36689377,-0.064483918,-0.005062787,-0.010258805,-17,53,96,13,15
0,1693677253618559300,0.560243189,-0.831985116,10.36809063,-0.064084224,-0.004929556,-0.009859112,-22,31,95,24,14
1,1693677253619559300,0.55904609,-0.830788016,10.36689377,-0.064350687,-0.005062787,-0.009992342,-19,53,96,16,14
2,1693677253620559300,0.560243189,-0.828393817,10.36449909,-0.064217456,-0.004796324,-0.010125575,-19,50,91,12,11
3,1693677253621559300,0.55904609,-0.830788016,10.35851383,-0.064350687,-0.004929556,-0.010125575,-24,49,92,16,11
4,1693677253622559300,0.560243189,-0.829590917,10.35611916,-0.064350687,-0.004929556,-0.010125575,-23,49,99,16,14
0,1693677253633551300,0.565031588,-0.828393817,10.3453455,-0.06461715,-0.004663093,-0.010258805,-8,51,95,13,14
1,1693677253634551300,0.566228688,-0.827196658,10.3453455,-0.06461715,-0.004796324,-0.010525269,-22,53,100,16,11
2,1693677253635551300,0.566228688,-0.828393817,10.34654236,-0.064483918,-0.004663093,-0.010658499,-14,42,96,13,14
3,1693677253636551300,0.563834488,-0.827196658,10.34414864,-0.064483918,-0.004529862,-0.010658499,-17,51,95,14,15
4,1693677253637551300,0.563834488,-0.828393817,10.34893703,-0.064350687,-0.004529862,-0.010658499,-16,57,90,13,12
0,1693677253648556700,0.55665189,-0.831985116,10.36090755,-0.064350687,-0.0042634,-0.010392036,-20,46,96,16,14
1,1693677253649556700,0.560243189,-0.831985116,10.36330223,-0.064350687,-0.0042634,-0.010258805,-22,51,93,13,11
2,1693677253650556700,0.561440289,-0.833182216,10.36210537,-0.064350687,-0.0042634,-0.010392036,-46,46,95,13,14
3,1693677253651556700,0.561440289,-0.834379315,10.36210537,-0.064217456,-0.0042634,-0.010258805,-21,57,99,14,14
4,1693677253652556700,0.561440289,-0.835576415,10.36569595,-0.064217456,-0.004396631,-0.010258805,-19,52,101,17,19
0,1693677253662556900,0.562637389,-0.840364814,10.36569595,-0.064350687,-0.005062787,-0.010392036,-14,47,94,13,14
1,1693677253663556900,0.566228688,-0.840364814,10.36569595,-0.064350687,-0.005062787,-0.010525269,-18,49,90,13,9
2,1693677253664556900,0.565031588,-0.842759013,10.36689377,-0.064350687,-0.004796324,-0.010392036,-18,50,92,14,13
3,1693677253665556900,0.565031588,-0.842759013,10.37048435,-0.064483918,-0.004796324,-0.010392036,-17,55,93,14,15
4,1693677253666556900,0.565031588,-0.840364814,10.37287903,-0.064483918,-0.004929556,-0.010392036,-16,57,99,18,15
0,1693677254058427900,0.55784899,-0.835576415,10.36330223,-0.064217456,-0.004396631,-0.010258805,-30,39,74,12,9
1,1693677254059427900,0.55784899,-0.831985116,10.36090755,-0.063950993,-0.004529862,-0.010258805,-22,44,88,7,2
2,1693677254060427900,0.555454791,-0.831985116,10.35731697,-0.063950993,-0.004396631,-0.010258805,-31,46,90,10,13
3,1693677254061427900,0.554257691,-0.835576415,10.35851383,-0.064084224,-0.004663093,-0.010258805,-29,41,86,11,4
4,1693677254062427900,0.554257691,-0.839167714,10.35971069,-0.064217456,-0.004529862,-0.010258805,-30,37,81,4,8
0,1693677254093424800,0.55904609,-0.841561913,10.36928749,-0.064084224,-0.003996937,-0.010525269,-28,43,87,7,11
1,1693677254094424800,0.562637389,-0.841561913,10.36569595,-0.063950993,-0.0042634,-0.010525269,-24,39,85,12,7
2,1693677254095424800,0.560243189,-0.842759013,10.36569595,-0.064084224,-0.004529862,-0.010392036,-28,43,89,10,7
3,1693677254096424800,0.561440289,-0.842759013,10.37048435,-0.064084224,-0.004529862,-0.010392036,-28,41,86,6,7
4,1693677254097424800,0.561440289,-0.843956113,10.37048435,-0.063950993,-0.004663093,-0.010392036,-27,37,87,14,2
0,1693677254113413200,0.563834488,-0.839167714,10.35492229,-0.064750381,-0.003996937,-0.01079173,-32,38,84,6,11
1,1693677254114413200,0.563834488,-0.837970614,10.35731697,-0.064750381,-0.0042634,-0.010658499,-22,42,90,13,8
2,1693677254115413200,0.55904609,-0.834379315,10.35611916,-0.064483918,-0.0042634,-0.01079173,-30,42,85,6,3
3,1693677254116413200,0.55665189,-0.834379315,10.36090755,-0.06461715,-0.004130168,-0.010525269,-28,41,89,4,5
4,1693677254117413200,0.55665189,-0.837970614,10.36449909,-0.06461715,-0.004130168,-0.010658499,-30,39,85,6,0
0,1693677254129381400,0.560243189,-0.837970614,10.35731697,-0.064483918,-0.004130168,-0.010258805,-24,45,90,9,4
1,1693677254130381400,0.560243189,-0.839167714,10.35731697,-0.064483918,-0.004130168,-0.010392036,-24,46,90,13,9
2,1693677254131381400,0.55784899,-0.839167714,10.35611916,-0.064350687,-0.003996937,-0.010258805,-28,42,90,13,7
3,1693677254132381400,0.560243189,-0.837970614,10.36090755,-0.064483918,-0.003996937,-0.010392036,-27,49,87,7,4
4,1693677254133381400,0.561440289,-0.835576415,10.36330223,-0.06461715,-0.004130168,-0.010392036,-30,37,85,10,4
0,1693677254144375400,0.561440289,-0.834379315,10.35611916,-0.064750381,-0.004529862,-0.010658499,-31,42,90,8,9
1,1693677254145375400,0.561440289,-0.837970614,10.35971069,-0.06461715,-0.004529862,-0.010658499,-28,46,90,6,5
2,1693677254146375400,0.561440289,-0.839167714,10.35971069,-0.064483918,-0.004396631,-0.010525269,-27,38,90,13,5
3,1693677254147375400,0.55904609,-0.839167714,10.35971069,-0.064483918,-0.004529862,-0.010525269,-29,34,88,6,3
4,1693677254148375400,0.561440289,-0.839167714,10.36090755,-0.064350687,-0.004396631,-0.010525269,-23,35,86,13,8
0,1693677254160364800,0.569819987,-0.834379315,10.35731697,-0.064483918,-0.003996937,-0.010658499,-22,42,90,10,12
1,1693677254161364800,0.569819987,-0.831985116,10.35492229,-0.064483918,-0.004130168,-0.010658499,-26,39,91,24,6
2,1693677254162364800,0.568622887,-0.835576415,10.35372543,-0.06461715,-0.004130168,-0.01079173,-28,42,90,9,3
3,1693677254163364800,0.568622887,-0.834379315,10.35731697,-0.064750381,-0.003863706,-0.01079173,-33,37,84,9,1
4,1693677254164364800,0.563834488,-0.835576415,10.34774017,-0.064750381,-0.003996937,-0.010525269,-28,40,84,9,1
0,1693677254176354800,0.568622887,-0.840364814,10.36090755,-0.065016843,-0.004396631,-0.010392036,-18,51,93,12,13
1,1693677254177354800,0.568622887,-0.839167714,10.35971069,-0.064883612,-0.004529862,-0.010392036,-24,47,91,13,9
2,1693677254178354800,0.567425787,-0.836773515,10.35731697,-0.064883612,-0.004663093,-0.010258805,-27,42,90,12,11
3,1693677254179354800,0.566228688,-0.839167714,10.35731697,-0.064883612,-0.004929556,-0.010258805,-20,32,88,13,7
4,1693677254180354800,0.566228688,-0.840364814,10.36210537,-0.065016843,-0.004929556,-0.010258805,-24,45,90,13,8
0,1693677254191346300,0.563834488,-0.835576415,10.35611916,-0.064084224,-0.004396631,-0.010658499,-27,42,92,12,7
1,1693677254192346300,0.566228688,-0.837970614,10.35851383,-0.064217456,-0.004396631,-0.010525269,-22,49,90,13,8
2,1693677254193346300,0.563834488,-0.839167714,10.35731697,-0.064350687,-0.004529862,-0.010258805,-29,41,90,8,5
3,1693677254194346300,0.562637389,-0.835576415,10.35372543,-0.064350687,-0.004529862,-0.010392036,-26,43,91,11,8
4,1693677254195346300,0.566228688,-0.835576415,10.3501339,-0.064217456,-0.004396631,-0.010258805,-22,44,89,10,7
0,1693677254205361000,0.568622887,-0.835576415,10.34654236,-0.063950993,-0.0042634,-0.011058193,-24,41,90,10,13
1,1693677254206361000,0.566228688,-0.835576415,10.34774017,-0.063950993,-0.0042634,-0.011191424,-27,45,91,12,7
2,1693677254207361000,0.569819987,-0.834379315,10.34774017,-0.063817769,-0.004130168,-0.011058193,-22,43,91,8,7
3,1693677254208361000,0.568622887,-0.836773515,10.34774017,-0.063817769,-0.0042634,-0.011058193,-28,46,90,8,8
4,1693677254209361000,0.571017087,-0.837970614,10.34774017,-0.063950993,-0.0042634,-0.010924961,-21,43,89,13,8
0,1693677254220354700,0.562637389,-0.840364814,10.33337498,-0.064084224,-0.004796324,-0.010392036,-22,49,91,9,12
1,1693677254221354700,0.563834488,-0.841561913,10.33337498,-0.063950993,-0.004796324,-0.010392036,-23,42,91,7,8
2,1693677254222354700,0.563834488,-0.841561913,10.33457184,-0.064084224,-0.004796324,-0.010392036,-22,47,90,11,5
3,1693677254223354700,0.563834488,-0.837970614,10.3309803,-0.064217456,-0.004929556,-0.010258805,-23,47,92,12,11
4,1693677254224354700,0.561440289,-0.835576415,10.33217716,-0.064084224,-0.004929556,-0.010258805,-21,48,91,13,13
0,1693677254236323700,0.563834488,-0.828393817,10.34774017,-0.064483918,-0.003863706,-0.010125575,-27,43,87,13,10
1,1693677254237323700,0.562637389,-0.830788016,10.34175396,-0.06461715,-0.003730475,-0.009992342,-27,41,90,10,5
2,1693677254238323700,0.560243189,-0.831985116,10.34295177,-0.06461715,-0.003597243,-0.009992342,-26,42,87,9,1
3,1693677254239323700,0.55904609,-0.834379315,10.3501339,-0.064483918,-0.003730475,-0.009992342,-28,47,89,11,13
4,1693677254240323700,0.561440289,-0.834379315,10.35252857,-0.064350687,-0.003996937,-0.009859112,-27,53,91,11,9
0,1693677254250313000,0.55904609,-0.829590917,10.35252857,-0.064350687,-0.004396631,-0.010125575,-23,49,91,11,14
1,1693677254251313000,0.55904609,-0.827196658,10.3501339,-0.064483918,-0.004396631,-0.010258805,-23,49,90,11,7
2,1693677254252313000,0.561440289,-0.824802458,10.34774017,-0.064483918,-0.004529862,-0.010125575,-24,51,91,15,10
3,1693677254253313000,0.562637389,-0.823605359,10.34295177,-0.064483918,-0.004663093,-0.010125575,-19,47,93,13,14
4,1693677254254313000,0.563834488,-0.824802458,10.34175396,-0.064217456,-0.004796324,-0.010258805,-27,51,95,13,14
0,1693677254264327000,0.565031588,-0.829590917,10.34414864,-0.064217456,-0.003996937,-0.009859112,-22,43,85,4,7
1,1693677254265327000,0.569819987,-0.830788016,10.34414864,-0.064217456,-0.004130168,-0.009992342,-30,37,84,2,-1
2,1693677254266327000,0.572214186,-0.829590917,10.34414864,-0.064217456,-0.004130168,-0.010125575,-27,41,89,7,7
3,1693677254267327000,0.569819987,-0.830788016,10.3501339,-0.064084224,-0.003996937,-0.010258805,-26,43,87,14,5
4,1693677254268327000,0.568622887,-0.831985116,10.34893703,-0.064084224,-0.003996937,-0.010392036,-32,43,85,8,8
0,1693677254282294800,0.569819987,-0.829590917,10.34175396,-0.064217456,-0.003996937,-0.010658499,-24,37,87,3,4
1,1693677254283294800,0.571017087,-0.829590917,10.34893703,-0.064084224,-0.0042634,-0.010525269,-22,41,89,0,-1
2,1693677254284294800,0.571017087,-0.830788016,10.35611916,-0.064217456,-0.004396631,-0.010392036,-27,41,89,6,7
3,1693677254285294800,0.571017087,-0.829590917,10.35971069,-0.064350687,-0.004396631,-0.010258805,-26,45,90,13,8
4,1693677254286294800,0.569819987,-0.830788016,10.35851383,-0.064483918,-0.004396631,-0.010258805,-24,40,90,8,7
0,1693677254298307200,0.575805485,-0.840364814,10.35252857,-0.06461715,-0.004529862,-0.010125575,-23,55,154,-56,29
1,1693677254299307200,0.573411286,-0.841561913,10.35372543,-0.064350687,-0.004396631,-0.010125575,-27,41,88,6,4
2,1693677254300307200,0.573411286,-0.840364814,10.35372543,-0.064483918,-0.004529862,-0.010125575,-20,45,90,9,5
3,1693677254301307200,0.574608386,-0.837970614,10.35611916,-0.064483918,-0.004529862,-0.010125575,-26,43,90,14,9
4,1693677254302307200,0.573411286,-0.835576415,10.35492229,-0.064350687,-0.004529862,-0.010125575,-27,42,91,10,9
0,1693677254313279500,0.566228688,-0.833182216,10.35372543,-0.064217456,-0.003597243,-0.010258805,-26,41,84,12,5
1,1693677254314279500,0.566228688,-0.835576415,10.35252857,-0.064084224,-0.003597243,-0.010258805,-24,43,90,7,7
2,1693677254315279500,0.567425787,-0.840364814,10.35372543,-0.063950993,-0.003730475,-0.010392036,-30,43,90,10,4
3,1693677254316279500,0.568622887,-0.842759013,10.35492229,-0.063950993,-0.003597243,-0.010392036,-32,41,91,12,6
4,1693677254317279500,0.568622887,-0.839167714,10.35731697,-0.064084224,-0.003863706,-0.010525269,-28,41,90,9,5
0,1693677254329271800,0.566228688,-0.837970614,10.35731697,-0.063950993,-0.004130168,-0.010392036,-16,64,108,38,31
1,1693677254330271800,0.568622887,-0.837970614,10.35611916,-0.063950993,-0.003996937,-0.010658499,-15,45,95,16,15
2,1693677254331271800,0.568622887,-0.837970614,10.35133076,-0.064084224,-0.003996937,-0.010658499,-10,48,92,2,11
3,1693677254332271800,0.567425787,-0.839167714,10.3453455,-0.063950993,-0.004130168,-0.01079173,-4,64,107,29,25
4,1693677254333271800,0.567425787,-0.836773515,10.3453455,-0.064084224,-0.003863706,-0.010525269,-16,63,107,29,25
0,1693677254346256900,0.565031588,-0.834379315,10.35372543,-0.064217456,-0.004396631,-0.010525269,-14,54,99,31,27
1,1693677254347256900,0.566228688,-0.834379315,10.34774017,-0.064084224,-0.004529862,-0.010525269,-3,71,108,36,17
2,1693677254348256900,0.565031588,-0.830788016,10.3501339,-0.064217456,-0.004663093,-0.010125575,-6,61,107,29,21
3,1693677254349256900,0.565031588,-0.829590917,10.35611916,-0.064084224,-0.004663093,-0.010392036,-18,64,107,27,7
4,1693677254350256900,0.566228688,-0.830788016,10.35252857,-0.064217456,-0.004529862,-0.010392036,-18,45,91,12,14
0,1693677254365249200,0.563834488,-0.839167714,10.3501339,-0.064217456,-0.0042634,-0.010125575,-15,52,107,13,15
1,1693677254366249200,0.562637389,-0.840364814,10.35851383,-0.064350687,-0.004130168,-0.009992342,-18,51,95,16,12
2,1693677254367249200,0.561440289,-0.841561913,10.35971069,-0.064084224,-0.004130168,-0.009859112,-20,46,93,13,12
3,1693677254368249200,0.562637389,-0.843956113,10.36090755,-0.064217456,-0.004130168,-0.009859112,-18,45,90,8,8
4,1693677254369249200,0.560243189,-0.841561913,10.36449909,-0.064084224,-0.0042634,-0.009992342,-15,49,95,14,12
0,1693677254381238300,0.568622887,-0.835576415,10.35492229,-0.064350687,-0.003730475,-0.010392036,-17,42,97,11,12
1,1693677254382238300,0.566228688,-0.839167714,10.35252857,-0.064483918,-0.003730475,-0.010392036,-19,53,92,13,11
2,1693677254383238300,0.565031588,-0.840364814,10.35372543,-0.06461715,-0.003730475,-0.010392036,-32,32,91,10,11
3,1693677254384238300,0.565031588,-0.837970614,10.35252857,-0.064750381,-0.003730475,-0.010258805,-18,39,92,13,14
4,1693677254385238300,0.567425787,-0.839167714,10.3453455,-0.064750381,-0.003730475,-0.009992342,-12,48,94,16,14
0,1693677254399227900,0.569819987,-0.839167714,10.34893703,-0.064350687,-0.003996937,-0.010258805,-12,49,95,13,15
1,1693677254400227900,0.572214186,-0.841561913,10.35252857,-0.064084224,-0.003996937,-0.010392036,-22,49,95,14,14
2,1693677254401227900,0.572214186,-0.843956113,10.3501339,-0.064084224,-0.003863706,-0.010525269,-24,47,101,13,8
3,1693677254402227900,0.571017087,-0.843956113,10.34774017,-0.064084224,-0.003730475,-0.010658499,-22,49,90,13,14
4,1693677254403227900,0.569819987,-0.842759013,10.34774017,-0.063817769,-0.003597243,-0.010525269,-16,49,102,14,14
0,1693677254417218300,0.575805485,-0.840364814,10.33696556,-0.064217456,-0.0042634,-0.009992342,-18,46,95,14,14
1,1693677254418218300,0.574608386,-0.839167714,10.3357687,-0.064084224,-0.004130168,-0.009859112,-14,55,95,13,11
2,1693677254419218300,0.574608386,-0.840364814,10.33457184,-0.063950993,-0.003996937,-0.009859112,-15,54,92,18,14
3,1693677254420218300,0.571017087,-0.841561913,10.33457184,-0.063950993,-0.004130168,-0.009592649,-14,46,95,14,14
4,1693677254421218300,0.571017087,-0.840364814,10.33696556,-0.064084224,-0.003996937,-0.009725881,-18,51,92,13,14
0,1693677254438205800,0.55904609,-0.831985116,10.35731697,-0.064483918,-0.003996937,-0.010525269,-20,49,95,13,12
1,1693677254439205800,0.55784899,-0.833182216,10.35372543,-0.064483918,-0.003996937,-0.010525269,-21,41,90,13,9
2,1693677254440205800,0.561440289,-0.834379315,10.35252857,-0.06461715,-0.003996937,-0.010392036,-19,47,90,13,12
3,1693677254441205800,0.55904609,-0.836773515,10.35133076,-0.064750381,-0.003996937,-0.010392036,-19,49,90,16,14
4,1693677254442205800,0.55665189,-0.837970614,10.35252857,-0.06461715,-0.003996937,-0.010258805,-26,53,95,15,13
0,1693677254493173500,0.55784899,-0.840364814,10.34654236,-0.064483918,-0.003996937,-0.010125575,-14,47,99,14,14
1,1693677254494173500,0.555454791,-0.836773515,10.34414864,-0.064350687,-0.003863706,-0.009992342,-21,53,99,13,13
2,1693677254495173500,0.554257691,-0.837970614,10.34295177,-0.064483918,-0.003730475,-0.010258805,-18,51,96,15,13
3,1693677254496173500,0.55784899,-0.837970614,10.3453455,-0.064217456,-0.003863706,-0.010125575,-13,57,94,13,14
4,1693677254497173500,0.55784899,-0.836773515,10.34893703,-0.064217456,-0.003730475,-0.010258805,-18,49,97,15,14
0,1693677254547143200,0.567425787,-0.840364814,10.35252857,-0.064483918,-0.0042634,-0.010392036,-12,43,93,14,12
1,1693677254548143200,0.565031588,-0.840364814,10.35731697,-0.064483918,-0.0042634,-0.010392036,-20,50,95,14,13
2,1693677254549143200,0.566228688,-0.840364814,10.35731697,-0.064483918,-0.004130168,-0.010392036,-19,49,92,15,14
3,1693677254550143200,0.565031588,-0.843956113,10.35611916,-0.064350687,-0.003996937,-0.010258805,-22,50,101,14,15
4,1693677254551143200,0.566228688,-0.843956113,10.35492229,-0.064217456,-0.003996937,-0.010258805,-19,51,92,13,11
0,1693677254630655300,0.566228688,-0.834379315,10.36330223,-0.064350687,-0.003996937,-0.010258805,-18,47,101,12,9
1,1693677254631655300,0.565031588,-0.834379315,10.36330223,-0.064350687,-0.003996937,-0.010258805,-19,53,95,17,13
2,1693677254632655300,0.565031588,-0.833182216,10.36090755,-0.064483918,-0.003996937,-0.010125575,-18,50,94,14,15
3,1693677254633655300,0.567425787,-0.831985116,10.36090755,-0.06461715,-0.004130168,-0.010125575,-20,50,105,18,12
4,1693677254634655300,0.569819987,-0.831985116,10.35971069,-0.06461715,-0.003996937,-0.009992342,-22,46,92,16,12
0,1693677254696693400,0.563834488,-0.830788016,10.34774017,-0.063817769,-0.004796324,-0.010392036,-20,51,90,14,14
1,1693677254697693400,0.563834488,-0.834379315,10.35372543,-0.063817769,-0.004663093,-0.010525269,-18,49,95,18,15
2,1693677254698693400,0.565031588,-0.835576415,10.35611916,-0.063817769,-0.004529862,-0.010258805,-21,51,90,15,14
3,1693677254699693400,0.563834488,-0.831985116,10.35851383,-0.063950993,-0.004529862,-0.010392036,-19,47,92,13,15
4,1693677254700693400,0.565031588,-0.830788016,10.35611916,-0.063950993,-0.004663093,-0.010258805,-18,50,97,13,11
0,1693677254785502500,0.567425787,-0.836773515,10.3357687,-0.064483918,-0.004130168,-0.010525269,-16,48,95,13,14
1,1693677254786502500,0.567425787,-0.834379315,10.33217716,-0.064483918,-0.004130168,-0.010392036,-20,51,105,26,23
2,1693677254787502500,0.562637389,-0.837970614,10.3357687,-0.064350687,-0.004130168,-0.010392036,-15,49,92,16,13
3,1693677254788502500,0.565031588,-0.835576415,10.34175396,-0.064483918,-0.0042634,-0.010392036,-24,49,92,13,13
4,1693677254789502500,0.562637389,-0.833182216,10.33936024,-0.064350687,-0.004130168,-0.010258805,-19,52,91,-8,5
0,1693677254836632600,0.560243189,-0.834379315,10.35731697,-0.064084224,-0.0042634,-0.010125575,-18,52,97,14,13
1,1693677254837632600,0.562637389,-0.835576415,10.36330223,-0.063950993,-0.004130168,-0.010258805,-19,50,99,23,17
2,1693677254838632600,0.565031588,-0.837970614,10.36330223,-0.063950993,-0.003996937,-0.010258805,-22,52,102,14,4
3,1693677254839632600,0.566228688,-0.839167714,10.36449909,-0.064084224,-0.003863706,-0.010125575,-20,52,96,14,12
4,1693677254840632600,0.565031588,-0.840364814,10.36330223,-0.064217456,-0.003730475,-0.010125575,-20,38,91,13,8
0,1693677254898597100,0.553060591,-0.840364814,10.34893703,-0.063950993,-0.003863706,-0.010258805,-16,56,96,15,12
1,1693677254899597100,0.553060591,-0.841561913,10.35133076,-0.064084224,-0.003730475,-0.010258805,-19,50,100,19,12
2,1693677254900597100,0.554257691,-0.839167714,10.35492229,-0.064084224,-0.003863706,-0.010392036,-18,49,99,13,9
3,1693677254901597100,0.554257691,-0.839167714,10.35372543,-0.064217456,-0.003863706,-0.010525269,-19,50,90,12,14
4,1693677254902597100,0.55665189,-0.840364814,10.35731697,-0.064084224,-0.003863706,-0.010658499,-16,63,90,13,9
0,1693677254958562900,0.563834488,-0.834379315,10.34893703,-0.064084224,-0.0042634,-0.010125575,-20,57,95,16,16
1,1693677254959562900,0.565031588,-0.833182216,10.34654236,-0.063950993,-0.0042634,-0.010125575,-22,45,91,15,14
2,1693677254960562900,0.565031588,-0.833182216,10.3453455,-0.064084224,-0.004396631,-0.010125575,-20,47,93,14,9
3,1693677254961562900,0.566228688,-0.835576415,10.3453455,-0.064084224,-0.004396631,-0.010258805,-16,46,94,17,9
4,1693677254962562900,0.563834488,-0.835576415,10.34175396,-0.063950993,-0.004130168,-0.010392036,-16,54,93,16,14
0,1693677255038518600,0.560243189,-0.829590917,10.3453455,-0.064084224,-0.004529862,-0.010392036,-19,54,95,14,14
1,1693677255039518600,0.55784899,-0.829590917,10.34414864,-0.063950993,-0.0042634,-0.010525269,-19,53,93,13,16
2,1693677255040518600,0.55904609,-0.830788016,10.34295177,-0.063817769,-0.004529862,-0.010392036,-15,47,95,13,12
3,1693677255041518600,0.55784899,-0.831985116,10.34175396,-0.063817769,-0.004529862,-0.010658499,-19,42,91,6,9
4,1693677255042518600,0.55784899,-0.830788016,10.34295177,-0.063950993,-0.0042634,-0.01079173,-20,51,97,13,9
0,1693677255094487700,0.55904609,-0.837970614,10.3405571,-0.064483918,-0.0042634,-0.010924961,-18,54,97,13,10
1,1693677255095487700,0.561440289,-0.837970614,10.34295177,-0.064350687,-0.003996937,-0.011058193,-19,47,97,10,14
2,1693677255096487700,0.55665189,-0.835576415,10.34175396,-0.064217456,-0.004130168,-0.011058193,-17,47,96,13,11
3,1693677255097487700,0.55665189,-0.835576415,10.34295177,-0.064350687,-0.0042634,-0.011058193,-16,47,90,13,12
4,1693677255098487700,0.555454791,-0.834379315,10.3405571,-0.064217456,-0.004130168,-0.011058193,-18,47,95,14,14
0,1693677255177437900,0.560243189,-0.840364814,10.36689377,-0.064217456,-0.004529862,-0.010525269,-16,51,93,13,12
1,1693677255178437900,0.55784899,-0.836773515,10.36090755,-0.064350687,-0.004396631,-0.010392036,-14,51,90,15,14
2,1693677255179437900,0.55665189,-0.836773515,10.36449909,-0.064217456,-0.004396631,-0.010525269,-16,44,97,11,10
3,1693677255180437900,0.55904609,-0.839167714,10.36449909,-0.064217456,-0.004130168,-0.010258805,-20,49,93,13,10
4,1693677255181437900,0.55904609,-0.839167714,10.36569595,-0.064350687,-0.004130168,-0.010392036,-19,46,92,16,12
0,1693677255238402900,0.566228688,-0.835576415,10.34414864,-0.064483918,-0.003863706,-0.010392036,-24,51,90,13,14
1,1693677255239402900,0.569819987,-0.834379315,10.34774017,-0.064483918,-0.003996937,-0.010258805,-18,49,91,13,12
2,1693677255240402900,0.572214186,-0.833182216,10.34774017,-0.064350687,-0.003996937,-0.010258805,-20,45,94,13,11
3,1693677255241402900,0.574608386,-0.833182216,10.34414864,-0.064217456,-0.003996937,-0.010125575,-17,52,95,17,12
4,1693677255242402900,0.571017087,-0.835576415,10.3453455,-0.064483918,-0.004130168,-0.010258805,-17,50,90,13,14
0,1693677255297372300,0.55904609,-0.830788016,10.33936024,-0.06461715,-0.003597243,-0.010258805,-16,48,93,13,14
1,1693677255298372300,0.55784899,-0.833182216,10.34175396,-0.064483918,-0.003730475,-0.010258805,-18,47,92,10,13
2,1693677255299372300,0.561440289,-0.831985116,10.33816338,-0.064483918,-0.003730475,-0.010258805,-20,34,93,13,8
3,1693677255300372300,0.560243189,-0.834379315,10.33816338,-0.064483918,-0.003730475,-0.010258805,-18,50,101,14,13
4,1693677255301372300,0.562637389,-0.834379315,10.34414864,-0.064350687,-0.003863706,-0.010258805,-18,53,95,13,11
0,1693677255385318900,0.569819987,-0.834379315,10.32499504,-0.063817769,-0.003863706,-0.009725881,-16,46,93,15,12
1,1693677255386318900,0.568622887,-0.836773515,10.32260036,-0.063950993,-0.003996937,-0.009725881,-23,47,91,13,12
2,1693677255387318900,0.571017087,-0.837970614,10.3214035,-0.063950993,-0.003996937,-0.009725881,-22,49,91,13,10
3,1693677255388318900,0.569819987,-0.835576415,10.32499504,-0.064084224,-0.003996937,-0.009725881,-19,54,90,13,12
4,1693677255389318900,0.566228688,-0.836773515,10.32499504,-0.064483918,-0.003863706,-0.009992342,-20,47,100,13,14
0,1693677255447284200,0.569819987,-0.830788016,10.34893703,-0.064084224,-0.004130168,-0.010658499,-18,51,90,13,13
1,1693677255448284200,0.568622887,-0.831985116,10.35133076,-0.063950993,-0.0042634,-0.010658499,-20,47,93,13,11
2,1693677255449284200,0.568622887,-0.833182216,10.34893703,-0.064084224,-0.0042634,-0.010525269,-16,43,90,12,13
3,1693677255450284200,0.568622887,-0.834379315,10.34414864,-0.064217456,-0.004396631,-0.010525269,-21,49,97,14,13
4,1693677255451284200,0.569819987,-0.834379315,10.34414864,-0.064217456,-0.004396631,-0.010392036,-14,42,89,14,11
0,1693677255520244200,0.561440289,-0.835576415,10.35252857,-0.064483918,-0.003597243,-0.010125575,-24,45,93,10,8
1,1693677255521244200,0.555454791,-0.839167714,10.35372543,-0.064483918,-0.003597243,-0.010258805,-23,49,76,11,9
2,1693677255522244200,0.55784899,-0.837970614,10.35133076,-0.064483918,-0.003464012,-0.010392036,-18,45,93,19,14
3,1693677255523244200,0.55784899,-0.836773515,10.35252857,-0.064350687,-0.003597243,-0.010392036,-17,42,90,15,14
4,1693677255524244200,0.555454791,-0.839167714,10.35133076,-0.064483918,-0.003597243,-0.010392036,-20,51,93,13,14
0,1693677255573210500,0.567425787,-0.834379315,10.34774017,-0.064350687,-0.003996937,-0.010525269,-20,31,90,13,6
1,1693677255574210500,0.566228688,-0.834379315,10.34774017,-0.064084224,-0.004130168,-0.010392036,-19,50,93,13,12
2,1693677255575210500,0.566228688,-0.837970614,10.35133076,-0.063950993,-0.004130168,-0.010525269,-15,58,90,14,11
3,1693677255576210500,0.565031588,-0.840364814,10.35252857,-0.063817769,-0.004130168,-0.010525269,-16,51,95,18,14
4,1693677255577210500,0.566228688,-0.842759013,10.3501339,-0.063817769,-0.004130168,-0.010525269,-20,47,95,13,16
0,1693677255651165700,0.562637389,-0.833182216,10.35252857,-0.064217456,-0.003863706,-0.010525269,-19,47,90,16,11
1,1693677255652165700,0.561440289,-0.834379315,10.35372543,-0.064217456,-0.003730475,-0.010392036,-18,51,91,13,12
2,1693677255653165700,0.563834488,-0.834379315,10.35492229,-0.064217456,-0.003730475,-0.010392036,-13,46,92,13,13
3,1693677255654165700,0.566228688,-0.836773515,10.34893703,-0.064084224,-0.003863706,-0.010392036,-20,49,87,13,12
4,1693677255655165700,0.565031588,-0.835576415,10.34654236,-0.064084224,-0.004130168,-0.010392036,-16,48,96,13,12
0,1693677255714129900,0.55904609,-0.833182216,10.34414864,-0.064350687,-0.004796324,-0.010125575,-22,53,91,10,11
1,1693677255715129900,0.562637389,-0.833182216,10.34893703,-0.064217456,-0.004929556,-0.010258805,-23,47,96,14,14
2,1693677255716129900,0.565031588,-0.834379315,10.34893703,-0.063950993,-0.004929556,-0.010258805,-20,48,96,14,13
3,1693677255717129900,0.563834488,-0.834379315,10.3501339,-0.064084224,-0.004929556,-0.010258805,-20,53,99,13,14
4,1693677255718129900,0.563834488,-0.833182216,10.34774017,-0.064084224,-0.005062787,-0.010258805,-15,41,95,15,14
0,1693677255771097900,0.563834488,-0.833182216,10.35133076,-0.06461715,-0.004396631,-0.010125575,-22,53,91,15,13
1,1693677255772097900,0.566228688,-0.839167714,10.35731697,-0.064483918,-0.004396631,-0.010258805,-26,62,97,14,14
2,1693677255773097900,0.566228688,-0.836773515,10.35731697,-0.064084224,-0.0042634,-0.010258805,-24,53,96,12,13
3,1693677255774097900,0.563834488,-0.835576415,10.35372543,-0.064350687,-0.0042634,-0.010392036,-18,49,90,13,11
4,1693677255775097900,0.560243189,-0.831985116,10.35372543,-0.064750381,-0.0042634,-0.010258805,-23,43,95,13,9
0,1693677255856049100,0.567425787,-0.831985116,10.34295177,-0.063817769,-0.00319755,-0.010525269,-19,57,95,18,12
1,1693677255857049100,0.566228688,-0.833182216,10.34654236,-0.064084224,-0.003330781,-0.010392036,-20,52,97,13,17
2,1693677255858049100,0.566228688,-0.834379315,10.34774017,-0.064084224,-0.003464012,-0.010392036,-17,48,91,17,9
3,1693677255859049100,0.563834488,-0.830788016,10.34774017,-0.063950993,-0.003730475,-0.010392036,-22,46,92,14,11
4,1693677255860049100,0.561440289,-0.828393817,10.3453455,-0.064084224,-0.003597243,-0.010392036,-18,53,77,10,11
0,1693677255918013200,0.571017087,-0.835576415,10.34774017,-0.064750381,-0.003730475,-0.009725881,-18,50,95,13,14
1,1693677255919013200,0.571017087,-0.836773515,10.35133076,-0.064750381,-0.003597243,-0.009725881,-18,49,95,15,13
2,1693677255920013200,0.568622887,-0.833182216,10.35372543,-0.06461715,-0.003464012,-0.009859112,-24,48,90,13,14
3,1693677255921013200,0.566228688,-0.834379315,10.35611916,-0.064750381,-0.003330781,-0.009992342,-24,48,90,7,11
4,1693677255922013200,0.563834488,-0.834379315,10.34893703,-0.064483918,-0.003730475,-0.010258805,-26,49,91,13,11
0,1693677255981976800,0.562637389,-0.839167714,10.35971069,-0.065016843,-0.004396631,-0.010392036,-16,54,95,14,11
1,1693677255982976800,0.561440289,-0.841561913,10.36210537,-0.065150075,-0.004396631,-0.010392036,-22,49,95,13,13
2,1693677255983976800,0.562637389,-0.843956113,10.36809063,-0.065016843,-0.0042634,-0.010392036,-20,47,96,15,13
3,1693677255984976800,0.566228688,-0.846350312,10.36809063,-0.065016843,-0.0042634,-0.010258805,-20,45,92,17,9
4,1693677255985976800,0.566228688,-0.848744512,10.36449909,-0.065016843,-0.0042634,-0.010258805,-17,48,95,13,13
0,1693677256071925300,0.568622887,-0.845153213,10.34175396,-0.064217456,-0.003996937,-0.010125575,-14,53,94,14,14
1,1693677256072925300,0.566228688,-0.842759013,10.3405571,-0.064217456,-0.003996937,-0.010125575,-18,51,93,13,12
2,1693677256073925300,0.563834488,-0.841561913,10.34295177,-0.064217456,-0.004130168,-0.010125575,-18,48,93,14,14
3,1693677256074925300,0.562637389,-0.839167714,10.34295177,-0.064217456,-0.0042634,-0.010258805,-23,49,93,12,13
4,1693677256075925300,0.563834488,-0.839167714,10.34175396,-0.064084224,-0.004130168,-0.010125575,-19,47,91,15,14
0,1693677256108903800,0.571017087,-0.839167714,10.35252857,-0.064483918,-0.003464012,-0.010125575,-21,49,101,13,9
1,1693677256109903800,0.568622887,-0.836773515,10.3501339,-0.06461715,-0.003330781,-0.009992342,-17,45,90,14,12
2,1693677256110903800,0.567425787,-0.839167714,10.35252857,-0.06461715,-0.003330781,-0.010125575,-22,42,93,11,0
3,1693677256111903800,0.566228688,-0.840364814,10.35372543,-0.06461715,-0.003464012,-0.010258805,-20,46,92,15,12
4,1693677256112903800,0.565031588,-0.839167714,10.35611916,-0.064483918,-0.003330781,-0.010258805,-23,47,91,14,14
0,1693677256202850700,0.565031588,-0.835576415,10.36449909,-0.064350687,-0.004130168,-0.010392036,-21,49,95,12,11
1,1693677256203850700,0.562637389,-0.833182216,10.35731697,-0.064217456,-0.003996937,-0.010392036,-24,51,90,11,11
2,1693677256204850700,0.561440289,-0.830788016,10.35252857,-0.064350687,-0.003863706,-0.010392036,-18,37,92,9,12
3,1693677256205850700,0.55904609,-0.830788016,10.35971069,-0.064217456,-0.003597243,-0.010392036,-17,49,96,13,14
4,1693677256206850700,0.565031588,-0.828393817,10.35851383,-0.064217456,-0.003730475,-0.010258805,-23,50,90,16,14
0,1693677256264813800,0.567425787,-0.833182216,10.35492229,-0.064217456,-0.003597243,-0.010658499,-20,46,92,13,11
1,1693677256265813800,0.567425787,-0.835576415,10.35731697,-0.064217456,-0.003464012,-0.010658499,-17,43,91,15,10
2,1693677256266813800,0.566228688,-0.834379315,10.35372543,-0.064350687,-0.003597243,-0.010525269,-10,49,92,13,13
3,1693677256267813800,0.563834488,-0.836773515,10.35851383,-0.064350687,-0.003730475,-0.010658499,-17,50,90,13,14
4,1693677256268813800,0.561440289,-0.837970614,10.35851383,-0.064217456,-0.003863706,-0.010658499,-28,51,92,13,17
0,1693677256318783600,0.55665189,-0.835576415,10.34414864,-0.064350687,-0.0042634,-0.010258805,-18,50,96,13,2
1,1693677256319783600,0.55665189,-0.836773515,10.3405571,-0.064350687,-0.004130168,-0.010125575,-20,49,91,16,13
2,1693677256320783600,0.55665189,-0.835576415,10.33936024,-0.064483918,-0.0042634,-0.010392036,-14,48,100,16,13
3,1693677256321783600,0.55784899,-0.837970614,10.33936024,-0.06461715,-0.004396631,-0.010392036,-19,54,95,13,14
4,1693677256322783600,0.55665189,-0.840364814,10.3405571,-0.06461715,-0.0042634,-0.010392036,-13,51,97,13,13
0,1693677256404734900,0.555454791,-0.831985116,10.32379818,-0.064750381,-0.003996937,-0.010125575,-19,53,90,-4,11
1,1693677256405734900,0.55784899,-0.834379315,10.32499504,-0.064483918,-0.004130168,-0.010125575,-21,32,61,-16,14
2,1693677256406734900,0.561440289,-0.833182216,10.32738876,-0.06461715,-0.003996937,-0.010258805,-18,47,91,14,12
3,1693677256407734900,0.560243189,-0.834379315,10.32738876,-0.064483918,-0.003730475,-0.009992342,-14,53,91,13,14
4,1693677256408734900,0.560243189,-0.835576415,10.32858658,-0.064750381,-0.003863706,-0.009859112,-16,48,91,14,14
0,1693677256461702400,0.551863492,-0.823605359,10.34893703,-0.064483918,-0.003597243,-0.010125575,-28,50,91,13,9
1,1693677256462702400,0.55665189,-0.822408259,10.35492229,-0.064483918,-0.003863706,-0.010125575,-18,33,92,14,14
2,1693677256463702400,0.55784899,-0.828393817,10.35611916,-0.064350687,-0.003863706,-0.010258805,-21,55,95,13,14
3,1693677256464702400,0.560243189,-0.829590917,10.35252857,-0.064483918,-0.003863706,-0.010392036,-16,53,92,12,14
4,1693677256465702400,0.55904609,-0.829590917,10.34774017,-0.064483918,-0.003996937,-0.010258805,-39,55,92,12,14
0,1693677256517670300,0.565031588,-0.827196658,10.36569595,-0.064350687,-0.0042634,-0.009992342,-26,49,95,14,13
1,1693677256518670300,0.565031588,-0.831985116,10.36569595,-0.064350687,-0.004130168,-0.009992342,-18,43,93,12,13
2,1693677256519670300,0.565031588,-0.833182216,10.36090755,-0.064483918,-0.003996937,-0.009992342,-19,46,95,12,12
3,1693677256520670300,0.562637389,-0.833182216,10.35731697,-0.064350687,-0.003996937,-0.009859112,-23,47,92,13,14
4,1693677256521670300,0.55904609,-0.833182216,10.35252857,-0.064350687,-0.0042634,-0.009859112,-22,61,74,31,14
0,1693677256596624600,0.567425787,-0.839167714,10.3501339,-0.064350687,-0.004130168,-0.010392036,-18,49,91,13,13
1,1693677256597624600,0.568622887,-0.841561913,10.35372543,-0.064350687,-0.004130168,-0.010258805,-20,42,94,13,11
2,1693677256598624600,0.568622887,-0.839167714,10.35492229,-0.064350687,-0.003996937,-0.010125575,-12,55,92,14,16
3,1693677256599624600,0.568622887,-0.837970614,10.35133076,-0.064483918,-0.004130168,-0.010125575,-20,53,76,13,11
4,1693677256600624600,0.566228688,-0.834379315,10.3501339,-0.06461715,-0.004130168,-0.009992342,-19,48,91,13,11
0,1693677256666585400,0.563834488,-0.837970614,10.33217716,-0.064483918,-0.004396631,-0.010392036,-33,45,96,13,14
1,1693677256667585400,0.561440289,-0.841561913,10.32260036,-0.06461715,-0.0042634,-0.010392036,-20,49,95,13,14
2,1693677256668585400,0.562637389,-0.841561913,10.31900978,-0.064483918,-0.004396631,-0.010125575,-20,49,101,6,14
3,1693677256669585400,0.567425787,-0.841561913,10.32260036,-0.064483918,-0.0042634,-0.010258805,-20,47,92,13,14
4,1693677256670585400,0.566228688,-0.842759013,10.32379818,-0.064217456,-0.0042634,-0.010258805,-16,46,92,14,13
0,1693677256727549200,0.562637389,-0.835576415,10.35492229,-0.063950993,-0.003863706,-0.009859112,-18,50,93,14,14
1,1693677256728549200,0.563834488,-0.834379315,10.3501339,-0.063950993,-0.003863706,-0.009859112,-21,48,90,13,14
2,1693677256729549200,0.563834488,-0.834379315,10.34893703,-0.063817769,-0.003996937,-0.009992342,-18,53,96,13,14
3,1693677256730549200,0.563834488,-0.835576415,10.3453455,-0.063950993,-0.004130168,-0.009859112,-20,49,91,8,13
4,1693677256731549200,0.565031588,-0.839167714,10.34295177,-0.063817769,-0.0042634,-0.009725881,-21,49,92,3,9
0,1693677256796510100,0.55784899,-0.845153213,10.3405571,-0.063950993,-0.003996937,-0.010258805,-14,49,96,13,13
1,1693677256797510100,0.55784899,-0.843956113,10.3453455,-0.063817769,-0.004130168,-0.010258805,-22,57,96,13,13
2,1693677256798510100,0.560243189,-0.841561913,10.3453455,-0.063950993,-0.004130168,-0.009992342,-16,49,97,9,14
3,1693677256799510100,0.55904609,-0.839167714,10.3453455,-0.064084224,-0.004130168,-0.009992342,-18,47,92,13,13
4,1693677256800510100,0.55665189,-0.837970614,10.34414864,-0.064217456,-0.003996937,-0.009859112,-20,45,90,13,11
0,1693677256859474400,0.561440289,-0.841561913,10.35252857,-0.064350687,-0.003996937,-0.010125575,-18,47,91,12,12
1,1693677256860474400,0.563834488,-0.837970614,10.34654236,-0.064483918,-0.004130168,-0.010125575,-17,50,93,12,14
2,1693677256861474400,0.562637389,-0.837970614,10.34414864,-0.064483918,-0.003996937,-0.010392036,-18,48,94,14,11
3,1693677256862474400,0.561440289,-0.835576415,10.34175396,-0.064483918,-0.003863706,-0.010392036,-27,45,91,11,8
4,1693677256863474400,0.562637389,-0.836773515,10.3453455,-0.064350687,-0.003996937,-0.010525269,-15,28,121,2,11
0,1693677256943427600,0.55904609,-0.842759013,10.3453455,-0.064084224,-0.004529862,-0.009992342,-16,43,96,13,13
1,1693677256944427600,0.55904609,-0.841561913,10.34295177,-0.063950993,-0.004529862,-0.009859112,-18,53,96,13,14
2,1693677256945427600,0.562637389,-0.843956113,10.34654236,-0.064084224,-0.004663093,-0.010125575,-23,49,95,13,8
3,1693677256946427600,0.562637389,-0.843956113,10.3501339,-0.064084224,-0.004663093,-0.009992342,-20,50,91,11,9
4,1693677256947427600,0.563834488,-0.842759013,10.34774017,-0.064084224,-0.004663093,-0.009992342,-12,49,95,13,14
0,1693677256996395800,0.565031588,-0.834379315,10.35851383,-0.064483918,-0.003863706,-0.010392036,-18,53,95,16,13
1,1693677256997395800,0.563834488,-0.837970614,10.35611916,-0.064483918,-0.003863706,-0.010392036,-23,45,87,13,13
2,1693677256998395800,0.563834488,-0.840364814,10.35731697,-0.064483918,-0.003863706,-0.010258805,-23,45,90,13,12
3,1693677256999395800,0.560243189,-0.840364814,10.36210537,-0.064483918,-0.003996937,-0.010258805,-18,54,93,13,12
4,1693677257000395800,0.561440289,-0.839167714,10.36689377,-0.064350687,-0.003996937,-0.010258805,-20,41,90,7,13
0,1693677257061359900,0.55665189,-0.841561913,10.3453455,-0.064483918,-0.0042634,-0.009725881,-33,48,96,13,13
1,1693677257062359900,0.55784899,-0.842759013,10.34295177,-0.064483918,-0.004396631,-0.009859112,-17,46,93,13,11
2,1693677257063359900,0.55904609,-0.845153213,10.3405571,-0.064483918,-0.0042634,-0.009992342,-24,49,91,13,10
3,1693677257064359900,0.563834488,-0.845153213,10.33816338,-0.064350687,-0.004396631,-0.009992342,-18,46,92,11,5
4,1693677257065359900,0.560243189,-0.843956113,10.33936024,-0.064350687,-0.004396631,-0.010125575,-12,42,90,11,12
0,1693677257137314600,0.568622887,-0.840364814,10.3261919,-0.064084224,-0.0042634,-0.010258805,-14,55,91,13,14
1,1693677257138314600,0.568622887,-0.841561913,10.32858658,-0.064217456,-0.003996937,-0.010125575,-17,54,91,12,8
2,1693677257139314600,0.572214186,-0.839167714,10.3309803,-0.064350687,-0.003996937,-0.010258805,-18,48,93,13,9
3,1693677257140314600,0.571017087,-0.837970614,10.33217716,-0.064217456,-0.004130168,-0.010258805,-20,47,92,14,12
4,1693677257141314600,0.567425787,-0.837970614,10.33457184,-0.064350687,-0.003996937,-0.010258805,-21,47,97,13,9
0,1693677257201278800,0.55784899,-0.840364814,10.34893703,-0.064483918,-0.003996937,-0.010525269,-20,50,95,13,15
1,1693677257202278800,0.560243189,-0.839167714,10.3501339,-0.064350687,-0.004130168,-0.010525269,-23,46,95,12,11
2,1693677257203278800,0.561440289,-0.839167714,10.34893703,-0.064350687,-0.004130168,-0.010392036,-26,43,89,10,7
3,1693677257204278800,0.560243189,-0.839167714,10.3501339,-0.064483918,-0.003996937,-0.010392036,-24,45,90,22,13
4,1693677257205278800,0.55784899,-0.842759013,10.35252857,-0.06461715,-0.004130168,-0.010258805,-20,49,94,13,13
0,1693677257259247000,0.553060591,-0.830788016,10.35851383,-0.064483918,-0.003996937,-0.009859112,-22,52,92,14,9
1,1693677257260247000,0.55665189,-0.831985116,10.36090755,-0.064483918,-0.004396631,-0.009992342,-22,47,96,13,11
2,1693677257261247000,0.55665189,-0.835576415,10.36330223,-0.064350687,-0.004396631,-0.009992342,-20,43,92,13,10
3,1693677257262247000,0.55665189,-0.835576415,10.35971069,-0.064217456,-0.004396631,-0.009859112,-18,48,90,13,14
4,1693677257263247000,0.560243189,-0.835576415,10.35372543,-0.064350687,-0.004396631,-0.009992342,-22,42,94,10,11
0,1693677257366184600,0.571017087,-0.830788016,10.34774017,-0.064217456,-0.003863706,-0.009992342,-21,45,89,8,14
1,1693677257367184600,0.572214186,-0.831985116,10.34175396,-0.064217456,-0.003863706,-0.009725881,-8,59,103,29,20
2,1693677257368184600,0.571017087,-0.833182216,10.33936024,-0.064084224,-0.003863706,-0.009725881,-20,45,91,16,10
3,1693677257369184600,0.568622887,-0.830788016,10.3357687,-0.064084224,-0.003730475,-0.010125575,-23,47,90,12,12
4,1693677257370184600,0.566228688,-0.828393817,10.33337498,-0.064084224,-0.003597243,-0.010258805,-22,55,91,14,15
0,1693677257432146400,0.569819987,-0.828393817,10.34175396,-0.064217456,-0.004130168,-0.010525269,-8,45,90,11,12
1,1693677257433146400,0.568622887,-0.827196658,10.34654236,-0.064084224,-0.003996937,-0.010525269,-23,39,91,13,12
2,1693677257434146400,0.566228688,-0.828393817,10.3501339,-0.064217456,-0.003863706,-0.010658499,-22,45,91,12,12
3,1693677257435146400,0.562637389,-0.830788016,10.34893703,-0.064350687,-0.003597243,-0.010658499,-19,49,91,12,9
4,1693677257436146400,0.55904609,-0.830788016,10.35492229,-0.064483918,-0.003730475,-0.010525269,-16,48,93,12,13
0,1693677257466128500,0.55904609,-0.827196658,10.35971069,-0.064750381,-0.003730475,-0.010392036,-28,47,91,11,10
1,1693677257467128500,0.55665189,-0.828393817,10.35372543,-0.064750381,-0.003730475,-0.010392036,-22,37,91,12,12
2,1693677257468128500,0.55665189,-0.830788016,10.35252857,-0.06461715,-0.003730475,-0.010392036,-22,45,90,13,11
3,1693677257469128500,0.55784899,-0.833182216,10.35372543,-0.06461715,-0.003597243,-0.010392036,-18,46,86,35,14
4,1693677257470128500,0.55904609,-0.833182216,10.35372543,-0.064750381,-0.003597243,-0.010525269,-22,49,95,13,13
0,1693677257547562200,0.55904609,-0.836773515,10.35252857,-0.064217456,-0.003996937,-0.010392036,-26,38,90,10,11
1,1693677257548562200,0.563834488,-0.839167714,10.35372543,-0.064350687,-0.003996937,-0.010392036,-18,43,90,15,13
2,1693677257549562200,0.563834488,-0.839167714,10.35851383,-0.064483918,-0.004130168,-0.010392036,-18,47,91,13,12
3,1693677257550562200,0.563834488,-0.835576415,10.35731697,-0.064483918,-0.004130168,-0.010525269,-16,53,92,13,14
4,1693677257551562200,0.562637389,-0.834379315,10.35252857,-0.064483918,-0.004130168,-0.010392036,-21,45,90,11,11
0,1693677257608550300,0.55665189,-0.840364814,10.3501339,-0.064084224,-0.0042634,-0.010258805,-19,43,90,7,14
1,1693677257609550300,0.555454791,-0.835576415,10.34893703,-0.063950993,-0.004130168,-0.010392036,-21,44,95,14,12
2,1693677257610550300,0.55784899,-0.837970614,10.35252857,-0.064217456,-0.004130168,-0.010258805,-22,49,91,16,17
3,1693677257611550300,0.55784899,-0.840364814,10.35731697,-0.064350687,-0.0042634,-0.010525269,-24,47,96,13,11
4,1693677257612550300,0.55784899,-0.837970614,10.36210537,-0.064217456,-0.004130168,-0.010392036,-24,45,90,13,12
0,1693677257670513800,0.563834488,-0.839167714,10.35971069,-0.064350687,-0.0042634,-0.010392036,-24,49,90,18,14
1,1693677257671513800,0.565031588,-0.841561913,10.36090755,-0.064350687,-0.004396631,-0.010392036,-23,47,96,11,11
2,1693677257672513800,0.566228688,-0.839167714,10.36090755,-0.064350687,-0.004396631,-0.010392036,-17,53,90,14,14
3,1693677257673513800,0.563834488,-0.836773515,10.35851383,-0.06461715,-0.0042634,-0.010258805,-22,43,90,24,9
4,1693677257674513800,0.563834488,-0.833182216,10.35492229,-0.06461715,-0.0042634,-0.010258805,-22,46,90,13,14
0,1693677257759593000,0.554257691,-0.833182216,10.3405571,-0.06461715,-0.004130168,-0.010392036,-19,37,90,11,13
1,1693677257760593000,0.554257691,-0.830788016,10.34414864,-0.064483918,-0.004130168,-0.010392036,-23,45,93,11,12
2,1693677257761593000,0.554257691,-0.828393817,10.33816338,-0.064350687,-0.004130168,-0.010258805,-21,48,91,13,14
3,1693677257762593000,0.555454791,-0.829590917,10.3405571,-0.064217456,-0.004130168,-0.010258805,-22,47,93,14,10
4,1693677257763593000,0.555454791,-0.829590917,10.34295177,-0.064217456,-0.0042634,-0.010258805,-21,50,90,15,9
0,1693677257819645800,0.572214186,-0.829590917,10.34414864,-0.064350687,-0.004130168,-0.010525269,-19,49,91,13,12
1,1693677257820645800,0.572214186,-0.828393817,10.34175396,-0.064350687,-0.003996937,-0.010392036,-18,49,94,13,10
2,1693677257821645800,0.573411286,-0.830788016,10.34175396,-0.064350687,-0.004130168,-0.010525269,-19,50,89,14,11
3,1693677257822645800,0.574608386,-0.831985116,10.3357687,-0.064350687,-0.003996937,-0.010658499,-19,55,95,10,11
4,1693677257823645800,0.574608386,-0.831985116,10.3357687,-0.064483918,-0.003996937,-0.010658499,-23,41,87,24,12
0,1693677257873588400,0.560243189,-0.840364814,10.35372543,-0.065150075,-0.003730475,-0.010125575,-20,48,96,13,14
1,1693677257874588400,0.55904609,-0.839167714,10.35133076,-0.065416537,-0.003597243,-0.010125575,-19,50,92,14,13
2,1693677257875588400,0.561440289,-0.839167714,10.3405571,-0.065283306,-0.003597243,-0.010258805,-14,34,97,11,14
3,1693677257876588400,0.562637389,-0.837970614,10.3405571,-0.065150075,-0.003597243,-0.010125575,-16,45,92,13,13
4,1693677257877588400,0.562637389,-0.837970614,10.34295177,-0.065150075,-0.003597243,-0.010258805,-26,37,90,13,9
0,1693677257964649800,0.561440289,-0.834379315,10.35731697,-0.06461715,-0.003863706,-0.010125575,-17,45,92,16,13
1,1693677257965649800,0.55904609,-0.837970614,10.35971069,-0.064483918,-0.003863706,-0.010125575,-18,48,90,18,13
2,1693677257966649800,0.55665189,-0.839167714,10.35971069,-0.064483918,-0.003863706,-0.010125575,-22,47,95,11,14
3,1693677257967649800,0.555454791,-0.835576415,10.35731697,-0.064483918,-0.003863706,-0.010125575,-24,47,92,13,9
4,1693677257968649800,0.55665189,-0.831985116,10.35611916,-0.064483918,-0.003597243,-0.010125575,-23,50,95,13,14
0,1693677258041594300,0.560243189,-0.839167714,10.35133076,-0.064483918,-0.003464012,-0.010125575,-22,68,95,18,14
1,1693677258042594300,0.560243189,-0.835576415,10.35372543,-0.064483918,-0.003464012,-0.010258805,-26,52,95,13,11
2,1693677258043594300,0.55784899,-0.831985116,10.35492229,-0.064483918,-0.003597243,-0.010258805,-18,53,93,15,9
3,1693677258044594300,0.55784899,-0.830788016,10.35252857,-0.064350687,-0.003597243,-0.010392036,-26,47,90,11,11
4,1693677258045594300,0.553060591,-0.830788016,10.3501339,-0.064217456,-0.003730475,-0.010525269,-16,47,92,14,10
0,1693677258099473600,0.55784899,-0.835576415,10.36330223,-0.064350687,-0.004130168,-0.009725881,-17,53,95,14,14
1,1693677258100473600,0.55784899,-0.836773515,10.36090755,-0.064483918,-0.004130168,-0.009725881,-22,50,91,13,11
2,1693677258101473600,0.55665189,-0.834379315,10.35372543,-0.064350687,-0.003996937,-0.009859112,-20,49,91,13,13
3,1693677258102473600,0.553060591,-0.835576415,10.3501339,-0.064350687,-0.003863706,-0.009992342,-21,45,91,13,8
4,1693677258103473600,0.549469292,-0.836773515,10.34654236,-0.064350687,-0.003730475,-0.009992342,-22,49,91,18,8
0,1693677258163585200,0.555454791,-0.834379315,10.35611916,-0.064217456,-0.003996937,-0.009725881,-20,49,91,9,14
1,1693677258164585200,0.55784899,-0.831985116,10.35731697,-0.064483918,-0.004130168,-0.009725881,-24,49,92,14,11
2,1693677258165585200,0.55784899,-0.831985116,10.35492229,-0.064483918,-0.003996937,-0.009859112,-18,47,90,13,9
3,1693677258166585200,0.55784899,-0.830788016,10.35133076,-0.064483918,-0.003996937,-0.009725881,-17,55,90,15,13
4,1693677258167585200,0.55784899,-0.834379315,10.34893703,-0.064483918,-0.003996937,-0.009992342,-24,46,90,14,12
0,1693677258225669700,0.555454791,-0.831985116,10.34654236,-0.064483918,-0.004396631,-0.009992342,-22,50,93,13,11
1,1693677258226669700,0.55665189,-0.830788016,10.34654236,-0.063950993,-0.004396631,-0.010125575,-27,57,104,8,3
2,1693677258227669700,0.555454791,-0.827196658,10.34893703,-0.063684531,-0.004663093,-0.010125575,-12,44,101,10,12
3,1693677258228669700,0.555454791,-0.827196658,10.35133076,-0.063817769,-0.004396631,-0.010125575,-20,46,90,9,7
4,1693677258229669700,0.555454791,-0.824802458,10.35851383,-0.063950993,-0.004529862,-0.009992342,-23,47,90,13,12
0,1693677258287649400,0.55904609,-0.836773515,10.35492229,-0.064084224,-0.003863706,-0.010125575,-19,45,90,13,6
1,1693677258288649400,0.560243189,-0.835576415,10.35851383,-0.064084224,-0.003996937,-0.010258805,-24,45,90,13,8
2,1693677258289649400,0.55784899,-0.839167714,10.36330223,-0.063817769,-0.003863706,-0.010258805,-20,41,90,13,8
3,1693677258290649400,0.560243189,-0.839167714,10.36210537,-0.063684531,-0.004130168,-0.010258805,-22,46,93,13,11
4,1693677258291649400,0.55665189,-0.837970614,10.35851383,-0.064084224,-0.004130168,-0.010392036,-22,46,91,14,14
0,1693677258389936400,0.549469292,-0.841561913,10.34774017,-0.064750381,-0.0042634,-0.010258805,-23,42,90,18,11
1,1693677258390936400,0.555454791,-0.839167714,10.35133076,-0.06461715,-0.004529862,-0.010258805,-23,49,95,10,10
2,1693677258391936400,0.55665189,-0.837970614,10.35372543,-0.064483918,-0.004396631,-0.010258805,-22,49,90,28,13
3,1693677258392936400,0.561440289,-0.837970614,10.35372543,-0.064750381,-0.004396631,-0.010125575,-19,50,90,9,12
4,1693677258393936400,0.560243189,-0.837970614,10.35492229,-0.064750381,-0.004396631,-0.010258805,-23,44,93,13,14
0,1693677258439601000,0.562637389,-0.840364814,10.35731697,-0.064483918,-0.0042634,-0.010392036,-20,49,90,12,11
1,1693677258440601000,0.566228688,-0.839167714,10.36090755,-0.06461715,-0.0042634,-0.010525269,-22,42,92,9,8
2,1693677258441601000,0.569819987,-0.841561913,10.35611916,-0.064350687,-0.0042634,-0.010658499,-23,45,89,8,9
3,1693677258442601000,0.568622887,-0.841561913,10.35731697,-0.064084224,-0.004396631,-0.010658499,-23,47,96,13,12
4,1693677258443601000,0.569819987,-0.845153213,10.35971069,-0.064084224,-0.0042634,-0.010658499,-28,51,92,13,14
0,1693677258487573500,0.571017087,-0.840364814,10.34893703,-0.063950993,-0.0042634,-0.009992342,-26,45,95,17,12
1,1693677258488573500,0.572214186,-0.841561913,10.34774017,-0.064084224,-0.0042634,-0.009859112,-14,53,90,16,11
2,1693677258489573500,0.573411286,-0.841561913,10.35252857,-0.064084224,-0.0042634,-0.009859112,-22,51,90,12,13
3,1693677258490573500,0.569819987,-0.841561913,10.3501339,-0.064217456,-0.0042634,-0.009725881,-23,47,90,13,12
4,1693677258491573500,0.566228688,-0.840364814,10.35133076,-0.064084224,-0.004130168,-0.009859112,-21,49,95,14,13
0,1693677258562551400,0.555454791,-0.835576415,10.3405571,-0.064483918,-0.003863706,-0.010525269,-20,44,95,13,9
1,1693677258563551400,0.55784899,-0.835576415,10.34295177,-0.064350687,-0.003863706,-0.010392036,-22,51,93,14,13
2,1693677258564551400,0.55904609,-0.837970614,10.3405571,-0.064217456,-0.003730475,-0.010658499,-27,42,95,13,9
3,1693677258565551400,0.560243189,-0.837970614,10.33696556,-0.064217456,-0.003730475,-0.01079173,-20,48,90,13,13
4,1693677258566551400,0.562637389,-0.836773515,10.34175396,-0.064217456,-0.003730475,-0.010658499,-46,47,90,12,13
0,1693677258619700200,0.55784899,-0.839167714,10.35133076,-0.064217456,-0.004130168,-0.010125575,-17,45,91,-1,9
1,1693677258620700200,0.55665189,-0.836773515,10.34654236,-0.064217456,-0.004130168,-0.010258805,-22,41,90,11,12
2,1693677258621700200,0.55904609,-0.833182216,10.34774017,-0.064217456,-0.003996937,-0.010392036,-22,48,90,13,13
3,1693677258622700200,0.560243189,-0.835576415,10.3501339,-0.064350687,-0.003996937,-0.010392036,-17,49,90,13,15
4,1693677258623700200,0.55784899,-0.835576415,10.35133076,-0.064217456,-0.004130168,-0.010258805,-23,32,90,13,11
0,1693677258700451200,0.563834488,-0.831985116,10.3501339,-0.063817769,-0.0042634,-0.010125575,-20,43,87,11,7
1,1693677258701451200,0.566228688,-0.830788016,10.34774017,-0.064084224,-0.0042634,-0.009992342,-15,50,90,13,11
2,1693677258702451200,0.568622887,-0.828393817,10.35133076,-0.064084224,-0.0042634,-0.009992342,-18,49,91,12,12
3,1693677258703451200,0.568622887,-0.829590917,10.35133076,-0.064217456,-0.004396631,-0.009992342,-23,49,91,12,11
4,1693677258704451200,0.567425787,-0.828393817,10.35133076,-0.064217456,-0.004396631,-0.009992342,-24,49,90,12,10
0,1693677258771693600,0.569819987,-0.835576415,10.36689377,-0.064084224,-0.004130168,-0.010258805,-20,49,95,13,8
1,1693677258772693600,0.568622887,-0.835576415,10.36330223,-0.064084224,-0.003996937,-0.010258805,-20,50,95,12,12
2,1693677258773693600,0.566228688,-0.837970614,10.35971069,-0.064217456,-0.003996937,-0.010258805,-20,49,93,15,13
3,1693677258774693600,0.562637389,-0.840364814,10.36210537,-0.064350687,-0.003996937,-0.010392036,-24,50,93,14,12
4,1693677258775693600,0.565031588,-0.835576415,10.35611916,-0.064350687,-0.003996937,-0.010392036,-19,45,93,13,10
0,1693677258820680900,0.55904609,-0.834379315,10.33816338,-0.06461715,-0.004396631,-0.010258805,-19,46,90,13,14
1,1693677258821680900,0.561440289,-0.834379315,10.33816338,-0.06461715,-0.0042634,-0.010258805,-19,49,97,13,7
2,1693677258822680900,0.562637389,-0.835576415,10.34414864,-0.064750381,-0.0042634,-0.010258805,-18,50,92,13,11
3,1693677258823680900,0.563834488,-0.833182216,10.34295177,-0.06461715,-0.004130168,-0.009992342,-22,51,91,9,11
4,1693677258824680900,0.562637389,-0.830788016,10.3453455,-0.064483918,-0.003996937,-0.009992342,-28,46,89,12,14
0,1693677258896319900,0.566228688,-0.843956113,10.3501339,-0.064217456,-0.003996937,-0.010125575,-20,43,91,11,11
1,1693677258897319900,0.566228688,-0.845153213,10.34774017,-0.064217456,-0.003996937,-0.010125575,-17,49,91,13,13
2,1693677258898319900,0.563834488,-0.843956113,10.34774017,-0.064084224,-0.003996937,-0.010125575,-18,47,96,13,13
3,1693677258899319900,0.560243189,-0.843956113,10.3453455,-0.064217456,-0.003996937,-0.009992342,-22,49,91,15,14
4,1693677258900319900,0.565031588,-0.842759013,10.34774017,-0.064350687,-0.003996937,-0.009859112,-21,47,90,13,11
0,1693677258955493000,0.55904609,-0.840364814,10.33816338,-0.064750381,-0.003597243,-0.009992342,-19,48,95,13,12
1,1693677258956493000,0.55784899,-0.839167714,10.33816338,-0.06461715,-0.003730475,-0.010125575,-6,49,90,13,9
2,1693677258957493000,0.55784899,-0.837970614,10.33936024,-0.064483918,-0.003597243,-0.010258805,-21,48,93,15,9
3,1693677258958493000,0.55665189,-0.834379315,10.33936024,-0.06461715,-0.003730475,-0.009992342,-20,51,95,12,11
4,1693677258959493000,0.55904609,-0.833182216,10.34175396,-0.064750381,-0.003730475,-0.009992342,-22,45,91,12,11
0,1693677259056601700,0.565031588,-0.836773515,10.3453455,-0.064750381,-0.004130168,-0.009859112,-19,47,90,14,10
1,1693677259057601700,0.565031588,-0.837970614,10.3453455,-0.064483918,-0.0042634,-0.009859112,-16,49,99,13,14
2,1693677259058601700,0.561440289,-0.840364814,10.34414864,-0.06461715,-0.0042634,-0.009992342,-28,45,95,10,13
3,1693677259059601700,0.560243189,-0.840364814,10.34654236,-0.064483918,-0.0042634,-0.009992342,-19,41,90,13,14
4,1693677259060601700,0.561440289,-0.840364814,10.3405571,-0.064483918,-0.0042634,-0.009992342,-22,39,90,15,11
0,1693677259097596700,0.562637389,-0.837970614,10.35133076,-0.06461715,-0.004396631,-0.010125575,-21,51,90,11,14
1,1693677259098596700,0.562637389,-0.837970614,10.35133076,-0.064350687,-0.004396631,-0.009992342,-20,49,97,13,14
2,1693677259099596700,0.565031588,-0.839167714,10.35731697,-0.064350687,-0.0042634,-0.010125575,-19,45,90,11,12
3,1693677259100596700,0.566228688,-0.841561913,10.35731697,-0.064350687,-0.004130168,-0.010258805,-20,46,91,10,8
4,1693677259101596700,0.563834488,-0.840364814,10.35372543,-0.064217456,-0.004130168,-0.010525269,-17,49,90,13,9
0,1693677259153628600,0.562637389,-0.843956113,10.34414864,-0.064350687,-0.004396631,-0.010392036,-23,47,91,14,13
1,1693677259154628600,0.561440289,-0.842759013,10.34175396,-0.064350687,-0.004396631,-0.010392036,-16,49,92,13,14
2,1693677259155628600,0.55784899,-0.842759013,10.33816338,-0.064217456,-0.004396631,-0.010525269,-22,47,90,13,10
3,1693677259156628600,0.55784899,-0.840364814,10.33696556,-0.064217456,-0.004396631,-0.010525269,-21,47,89,10,9
4,1693677259157628600,0.55665189,-0.837970614,10.3405571,-0.064217456,-0.0042634,-0.010525269,-22,47,103,13,12
0,1693677259237623400,0.554257691,-0.827196658,10.35971069,-0.064750381,-0.003597243,-0.009725881,-21,51,103,16,0
1,1693677259238623400,0.550666392,-0.823605359,10.35971069,-0.06461715,-0.003597243,-0.009725881,-21,54,90,13,13
2,1693677259239623400,0.551863492,-0.823605359,10.35611916,-0.064750381,-0.003730475,-0.009592649,-24,48,90,13,14
3,1693677259240623400,0.553060591,-0.823605359,10.35492229,-0.064750381,-0.003863706,-0.009859112,-21,50,90,10,11
4,1693677259241623400,0.554257691,-0.823605359,10.35492229,-0.06461715,-0.004130168,-0.009859112,-16,49,93,13,14
0,1693677259283585200,0.55904609,-0.825999558,10.34654236,-0.063817769,-0.004130168,-0.010258805,-17,52,89,14,13
1,1693677259284585200,0.561440289,-0.823605359,10.34654236,-0.063817769,-0.003996937,-0.010125575,-18,44,91,13,8
2,1693677259285585200,0.561440289,-0.825999558,10.34295177,-0.063817769,-0.0042634,-0.010392036,-20,47,91,13,9
3,1693677259286585200,0.565031588,-0.828393817,10.3405571,-0.064084224,-0.0042634,-0.010392036,-33,48,95,13,11
4,1693677259287585200,0.567425787,-0.828393817,10.34175396,-0.064084224,-0.004130168,-0.010392036,-22,46,91,13,14
0,1693677259354305800,0.55784899,-0.831985116,10.35133076,-0.064084224,-0.0042634,-0.009992342,-19,47,91,13,11
1,1693677259355305800,0.55904609,-0.835576415,10.35252857,-0.064217456,-0.004130168,-0.009992342,-18,47,96,13,11
2,1693677259356305800,0.55904609,-0.836773515,10.35372543,-0.064084224,-0.004130168,-0.009992342,-19,49,93,12,12
3,1693677259357305800,0.561440289,-0.834379315,10.35611916,-0.064217456,-0.004130168,-0.010125575,-23,43,93,15,10
4,1693677259358305800,0.563834488,-0.833182216,10.35252857,-0.064217456,-0.003996937,-0.010125575,-27,51,93,11,14
0,1693677259424343700,0.567425787,-0.835576415,10.32738876,-0.064084224,-0.004130168,-0.010125575,-22,49,90,2,14
1,1693677259425343700,0.568622887,-0.840364814,10.3214035,-0.064217456,-0.003996937,-0.009992342,-48,33,64,12,14
2,1693677259426343700,0.567425787,-0.840364814,10.32499504,-0.064350687,-0.003996937,-0.009992342,-24,48,90,10,15
3,1693677259427343700,0.568622887,-0.840364814,10.3261919,-0.064217456,-0.003863706,-0.009992342,-17,43,94,13,8
4,1693677259428343700,0.569819987,-0.840364814,10.3309803,-0.064217456,-0.003863706,-0.009992342,-16,48,92,14,12
0,1693677259505020700,0.560243189,-0.842759013,10.35971069,-0.063817769,-0.004130168,-0.009992342,-21,45,95,13,14
1,1693677259506020700,0.566228688,-0.845153213,10.35851383,-0.063817769,-0.003996937,-0.009859112,-16,50,93,18,11
2,1693677259507020700,0.566228688,-0.846350312,10.35731697,-0.063684531,-0.003996937,-0.009725881,-18,47,91,14,13
3,1693677259508020700,0.563834488,-0.846350312,10.35731697,-0.063817769,-0.003863706,-0.009859112,-20,51,95,13,15
4,1693677259509020700,0.562637389,-0.845153213,10.35492229,-0.063817769,-0.004130168,-0.009859112,-21,57,97,14,14
0,1693677259567446600,0.549469292,-0.834379315,10.34654236,-0.064350687,-0.004130168,-0.009859112,-19,54,99,18,14
1,1693677259568446600,0.555454791,-0.835576415,10.3405571,-0.064350687,-0.003996937,-0.009592649,-34,48,92,12,10
2,1693677259569446600,0.55665189,-0.835576415,10.34414864,-0.064350687,-0.003863706,-0.009725881,-29,54,93,15,14
3,1693677259570446600,0.55665189,-0.837970614,10.34295177,-0.064483918,-0.003863706,-0.009592649,-18,47,95,13,14
4,1693677259571446600,0.554257691,-0.836773515,10.34893703,-0.064483918,-0.003996937,-0.009459418,-17,50,99,18,14
0,1693677259627899800,0.554257691,-0.825999558,10.3453455,-0.064350687,-0.004396631,-0.010258805,-16,49,95,12,14
1,1693677259628899800,0.551863492,-0.825999558,10.34295177,-0.064217456,-0.0042634,-0.009992342,-23,51,91,15,13
2,1693677259629899800,0.554257691,-0.829590917,10.34654236,-0.064350687,-0.003996937,-0.009992342,-17,52,93,18,14
3,1693677259630899800,0.55665189,-0.828393817,10.3453455,-0.064350687,-0.003996937,-0.010125575,-33,43,109,20,24
4,1693677259631899800,0.554257691,-0.829590917,10.34774017,-0.06461715,-0.004130168,-0.010392036,-16,47,96,18,14
0,1693677259710947700,0.55904609,-0.831985116,10.3453455,-0.06461715,-0.004130168,-0.010924961,-19,49,93,13,13
1,1693677259711947700,0.55904609,-0.830788016,10.34295177,-0.06461715,-0.004130168,-0.01079173,-18,52,93,13,14
2,1693677259712947700,0.562637389,-0.834379315,10.3405571,-0.064483918,-0.0042634,-0.010658499,-16,50,96,13,14
3,1693677259713947700,0.560243189,-0.830788016,10.3405571,-0.064350687,-0.0042634,-0.010392036,-14,58,107,20,14
4,1693677259714947700,0.560243189,-0.831985116,10.3405571,-0.064350687,-0.0042634,-0.010258805,-15,55,103,16,13
0,1693677259774299600,0.565031588,-0.822408259,10.34175396,-0.064350687,-0.004130168,-0.009992342,-17,53,93,13,9
1,1693677259775299600,0.563834488,-0.825999558,10.3453455,-0.064350687,-0.004130168,-0.010258805,-17,49,99,13,13
2,1693677259776299600,0.562637389,-0.824802458,10.3453455,-0.064350687,-0.003996937,-0.009992342,-19,58,95,13,14
3,1693677259777299600,0.55904609,-0.824802458,10.34295177,-0.064217456,-0.004130168,-0.009859112,-16,46,98,14,14
4,1693677259778299600,0.55904609,-0.828393817,10.3405571,-0.064217456,-0.004130168,-0.009992342,-15,53,93,16,14
0,1693677259831993700,0.55904609,-0.830788016,10.33816338,-0.064350687,-0.003863706,-0.009992342,-36,45,95,14,11
1,1693677259832993700,0.560243189,-0.829590917,10.33936024,-0.064217456,-0.003863706,-0.010125575,-18,51,93,14,12
2,1693677259833993700,0.561440289,-0.831985116,10.34295177,-0.064217456,-0.003863706,-0.009859112,-15,51,92,13,15
3,1693677259834993700,0.561440289,-0.833182216,10.34295177,-0.064217456,-0.003996937,-0.009859112,-20,49,93,14,12
4,1693677259835993700,0.565031588,-0.833182216,10.33696556,-0.064084224,-0.003996937,-0.009859112,-23,51,97,15,13
0,1693677259913254300,0.569819987,-0.828393817,10.3501339,-0.064217456,-0.004130168,-0.010525269,-4,44,93,15,14
1,1693677259914254300,0.569819987,-0.829590917,10.35133076,-0.064350687,-0.003863706,-0.010525269,-19,51,91,14,14
2,1693677259915254300,0.567425787,-0.831985116,10.35133076,-0.064217456,-0.003730475,-0.010525269,-23,53,95,14,13
3,1693677259916254300,0.568622887,-0.833182216,10.35492229,-0.064350687,-0.003730475,-0.010525269,-17,46,95,14,14
4,1693677259917254300,0.567425787,-0.834379315,10.35731697,-0.064350687,-0.003730475,-0.010392036,-16,50,93,12,14
0,1693677260017609700,0.554257691,-0.827196658,10.35252857,-0.064084224,-0.0042634,-0.010392036,-19,49,93,15,14
1,1693677260018609700,0.553060591,-0.824802458,10.35611916,-0.064350687,-0.0042634,-0.010392036,-14,49,95,14,13
2,1693677260019609700,0.555454791,-0.825999558,10.35731697,-0.064350687,-0.0042634,-0.010258805,-20,50,95,20,15
3,1693677260020609700,0.555454791,-0.824802458,10.35731697,-0.064217456,-0.004130168,-0.010125575,-16,49,95,14,14
4,1693677260021609700,0.55665189,-0.823605359,10.35731697,-0.064217456,-0.0042634,-0.010125575,-17,51,93,13,14
0,1693677260030582500,0.55665189,-0.827196658,10.34893703,-0.063950993,-0.004130168,-0.010392036,-19,48,92,14,13
1,1693677260031582500,0.55904609,-0.828393817,10.3453455,-0.063950993,-0.003996937,-0.010258805,-15,51,93,22,13
2,1693677260032582500,0.55904609,-0.831985116,10.3453455,-0.064217456,-0.003863706,-0.010258805,-20,53,99,16,14
3,1693677260033582500,0.55784899,-0.831985116,10.3453455,-0.064217456,-0.003996937,-0.010392036,-17,49,92,14,13
4,1693677260034582500,0.560243189,-0.835576415,10.34414864,-0.064217456,-0.004130168,-0.010258805,-22,42,96,13,12
0,1693677260112441100,0.561440289,-0.824802458,10.35971069,-0.064483918,-0.003996937,-0.009859112,-22,48,92,13,14
1,1693677260113441100,0.560243189,-0.824802458,10.35851383,-0.06461715,-0.003863706,-0.009859112,-20,55,95,24,15
2,1693677260114441100,0.562637389,-0.824802458,10.35492229,-0.06461715,-0.003996937,-0.009592649,-24,55,93,13,13
3,1693677260115441100,0.563834488,-0.827196658,10.35252857,-0.06461715,-0.003996937,-0.009725881,-19,53,95,18,12
4,1693677260116441100,0.565031588,-0.824802458,10.35372543,-0.064483918,-0.003863706,-0.009992342,-20,46,93,13,14
0,1693677260204643300,0.549469292,-0.834379315,10.3501339,-0.063950993,-0.004130168,-0.010258805,-19,47,94,13,15
1,1693677260205643300,0.551863492,-0.836773515,10.3501339,-0.063950993,-0.0042634,-0.010392036,-20,51,99,18,14
2,1693677260206643300,0.553060591,-0.836773515,10.35133076,-0.063950993,-0.0042634,-0.010258805,-17,51,95,13,12
3,1693677260207643300,0.555454791,-0.835576415,10.34774017,-0.063950993,-0.003996937,-0.010392036,-16,49,94,13,14
4,1693677260208643300,0.551863492,-0.836773515,10.3501339,-0.064084224,-0.003863706,-0.010258805,-20,53,95,13,12
0,1693677260232237200,0.561440289,-0.836773515,10.35372543,-0.063950993,-0.003730475,-0.009992342,-22,44,99,23,14
1,1693677260233237200,0.55904609,-0.837970614,10.35971069,-0.063950993,-0.003863706,-0.009992342,-19,54,101,16,13
2,1693677260234237200,0.55665189,-0.837970614,10.36090755,-0.063950993,-0.003996937,-0.009992342,-17,49,91,13,14
3,1693677260235237200,0.555454791,-0.835576415,10.36090755,-0.064084224,-0.004130168,-0.009992342,-22,47,94,15,8
4,1693677260236237200,0.554257691,-0.836773515,10.35971069,-0.064084224,-0.004130168,-0.009992342,-20,47,84,13,14
0,1693677260324246000,0.551863492,-0.837970614,10.33816338,-0.064084224,-0.004396631,-0.010658499,-15,49,108,16,16
1,1693677260325246000,0.553060591,-0.839167714,10.3405571,-0.063950993,-0.004396631,-0.010392036,-16,55,99,13,14
2,1693677260326246000,0.555454791,-0.840364814,10.3453455,-0.063817769,-0.0042634,-0.010392036,-20,49,97,13,12
3,1693677260327246000,0.554257691,-0.840364814,10.33936024,-0.063817769,-0.004529862,-0.010392036,-20,46,83,14,14
4,1693677260328246000,0.553060591,-0.839167714,10.3309803,-0.063817769,-0.004663093,-0.010525269,-18,48,93,13,15
0,1693677260378669500,0.562637389,-0.840364814,10.35851383,-0.064084224,-0.004529862,-0.010258805,-15,51,95,16,17
1,1693677260379669500,0.561440289,-0.837970614,10.35372543,-0.063950993,-0.0042634,-0.010125575,-18,51,93,19,14
2,1693677260380669500,0.55904609,-0.839167714,10.34654236,-0.064084224,-0.003996937,-0.009992342,-24,49,120,-19,3
3,1693677260381669500,0.55784899,-0.839167714,10.3453455,-0.064084224,-0.0042634,-0.009992342,-17,47,96,11,13
4,1693677260382669500,0.55784899,-0.839167714,10.33696556,-0.064084224,-0.004663093,-0.009992342,-28,61,100,14,14
0,1693677260457669900,0.563834488,-0.836773515,10.36210537,-0.063950993,-0.004929556,-0.010125575,-15,51,93,13,16
1,1693677260458669900,0.562637389,-0.835576415,10.36210537,-0.063950993,-0.004796324,-0.010125575,-23,49,100,13,14
2,1693677260459669900,0.55904609,-0.835576415,10.36210537,-0.063950993,-0.004529862,-0.010125575,-1,59,51,45,14
3,1693677260460669900,0.560243189,-0.835576415,10.35971069,-0.064084224,-0.004396631,-0.010258805,-24,47,93,13,9
4,1693677260461669900,0.561440289,-0.834379315,10.3501339,-0.064350687,-0.004396631,-0.010125575,-19,51,95,14,16
0,1693677260515613400,0.560243189,-0.829590917,10.35252857,-0.064350687,-0.004529862,-0.009592649,-21,48,101,13,13
1,1693677260516613400,0.560243189,-0.825999558,10.35372543,-0.064217456,-0.004529862,-0.009592649,-22,52,96,13,13
2,1693677260517613400,0.562637389,-0.827196658,10.35731697,-0.064350687,-0.004663093,-0.009725881,-7,50,95,14,11
3,1693677260518613400,0.563834488,-0.824802458,10.35731697,-0.06461715,-0.004396631,-0.009992342,-19,51,96,16,14
4,1693677260519613400,0.562637389,-0.822408259,10.35731697,-0.06461715,-0.004396631,-0.009859112,-15,52,90,20,15
0,1693677260596674100,0.551863492,-0.837970614,10.35971069,-0.064217456,-0.004130168,-0.009592649,-21,41,95,21,14
1,1693677260597674100,0.553060591,-0.836773515,10.35851383,-0.064483918,-0.0042634,-0.009725881,-28,39,63,42,11
2,1693677260598674100,0.555454791,-0.839167714,10.36090755,-0.064483918,-0.0042634,-0.009859112,-17,50,96,14,15
3,1693677260599674100,0.555454791,-0.840364814,10.35492229,-0.064483918,-0.004396631,-0.009992342,-20,46,91,12,14
4,1693677260600674100,0.555454791,-0.839167714,10.3501339,-0.06461715,-0.004396631,-0.010125575,-18,47,96,18,7
0,1693677260648751600,0.561440289,-0.829590917,10.33936024,-0.064350687,-0.004529862,-0.010392036,-13,48,95,15,14
1,1693677260649751600,0.55904609,-0.830788016,10.3405571,-0.064350687,-0.004529862,-0.010525269,-17,64,104,-17,13
2,1693677260650751600,0.55665189,-0.827196658,10.3453455,-0.064350687,-0.004396631,-0.010525269,-21,49,96,13,13
3,1693677260651751600,0.55665189,-0.827196658,10.34295177,-0.064217456,-0.0042634,-0.010525269,-19,53,93,18,14
4,1693677260652751600,0.555454791,-0.829590917,10.3405571,-0.064217456,-0.004529862,-0.010392036,-14,50,90,18,14
0,1693677260715927200,0.565031588,-0.837970614,10.35492229,-0.064217456,-0.0042634,-0.010125575,-18,47,99,10,-2
1,1693677260716927200,0.565031588,-0.835576415,10.35252857,-0.064084224,-0.0042634,-0.010125575,-23,51,107,13,13
2,1693677260717927200,0.565031588,-0.834379315,10.35133076,-0.063950993,-0.0042634,-0.010258805,-18,47,94,14,14
3,1693677260718927200,0.571017087,-0.830788016,10.35372543,-0.063950993,-0.0042634,-0.010258805,-18,65,101,20,14
4,1693677260719927200,0.571017087,-0.831985116,10.35372543,-0.064084224,-0.004130168,-0.010258805,-22,55,89,11,13
0,1693677260794490800,0.565031588,-0.831985116,10.35133076,-0.064483918,-0.004929556,-0.009859112,-24,51,89,12,13
1,1693677260795490800,0.568622887,-0.834379315,10.3501339,-0.06461715,-0.004796324,-0.009992342,-36,58,93,13,14
2,1693677260796490800,0.567425787,-0.833182216,10.34893703,-0.064750381,-0.004796324,-0.009725881,-30,41,116,-6,9
3,1693677260797490800,0.566228688,-0.829590917,10.3501339,-0.064483918,-0.004663093,-0.009725881,-15,52,93,14,28
4,1693677260798490800,0.563834488,-0.828393817,10.3501339,-0.064350687,-0.004529862,-0.009859112,-17,47,90,13,14
0,1693677260854608000,0.560243189,-0.829590917,10.35372543,-0.064217456,-0.004529862,-0.010125575,-20,49,93,11,10
1,1693677260855608000,0.560243189,-0.829590917,10.35492229,-0.064084224,-0.004529862,-0.010125575,-15,45,92,13,14
2,1693677260856608000,0.561440289,-0.827196658,10.3501339,-0.064217456,-0.004396631,-0.010125575,-16,54,92,16,16
3,1693677260857608000,0.562637389,-0.825999558,10.35372543,-0.064217456,-0.004663093,-0.009859112,-12,48,99,13,14
4,1693677260858608000,0.562637389,-0.824802458,10.35372543,-0.064217456,-0.004796324,-0.009992342,-17,48,88,12,14
0,1693677260955657500,0.569819987,-0.835576415,10.3453455,-0.063817769,-0.003996937,-0.010392036,-15,81,100,14,11
1,1693677260956657500,0.569819987,-0.837970614,10.3501339,-0.063684531,-0.003996937,-0.010258805,-20,53,93,13,13
2,1693677260957657500,0.569819987,-0.835576415,10.35492229,-0.063684531,-0.003863706,-0.010258805,-20,50,92,13,14
3,1693677260958657500,0.572214186,-0.834379315,10.35372543,-0.063817769,-0.003863706,-0.010125575,-23,51,92,13,15
4,1693677260959657500,0.575805485,-0.834379315,10.3501339,-0.063950993,-0.003863706,-0.010125575,-19,45,93,12,13
0,1693677260998579100,0.565031588,-0.835576415,10.35971069,-0.064217456,-0.003996937,-0.010125575,-24,48,101,23,13
1,1693677260999579100,0.561440289,-0.835576415,10.36330223,-0.064483918,-0.003863706,-0.009992342,-19,46,93,13,14
2,1693677261000579100,0.561440289,-0.831985116,10.35851383,-0.06461715,-0.003863706,-0.009992342,-13,45,96,16,14
3,1693677261001579100,0.562637389,-0.830788016,10.35971069,-0.06461715,-0.003863706,-0.010125575,-19,49,93,13,14
4,1693677261002579100,0.561440289,-0.829590917,10.36210537,-0.06461715,-0.003730475,-0.009992342,-20,48,89,15,13
0,1693677261074645400,0.553060591,-0.837970614,10.3405571,-0.064483918,-0.003330781,-0.010258805,-16,47,95,14,14
1,1693677261075645400,0.555454791,-0.839167714,10.34175396,-0.064350687,-0.003464012,-0.010525269,-26,51,93,12,14
2,1693677261076645400,0.554257691,-0.840364814,10.3453455,-0.064350687,-0.003597243,-0.010392036,-19,32,96,13,15
3,1693677261077645400,0.555454791,-0.841561913,10.34774017,-0.064350687,-0.003730475,-0.010525269,-8,68,77,-13,13
4,1693677261078645400,0.555454791,-0.839167714,10.34774017,-0.064350687,-0.003464012,-0.010392036,-19,49,91,22,13
0,1693677261132942200,0.565031588,-0.843956113,10.35611916,-0.063950993,-0.003863706,-0.010125575,-18,51,93,14,13
1,1693677261133942200,0.567425787,-0.841561913,10.35252857,-0.063950993,-0.003863706,-0.010125575,-16,50,91,18,14
2,1693677261134942200,0.565031588,-0.841561913,10.34774017,-0.064084224,-0.003863706,-0.010258805,-18,49,101,13,12
3,1693677261135942200,0.562637389,-0.841561913,10.3453455,-0.064217456,-0.003730475,-0.010258805,-20,53,93,15,11
4,1693677261136942200,0.562637389,-0.845153213,10.35133076,-0.064350687,-0.003597243,-0.010258805,-19,48,93,16,13
0,1693677261201392000,0.566228688,-0.836773515,10.33457184,-0.064483918,-0.004130168,-0.010258805,-18,51,95,16,15
1,1693677261202392000,0.565031588,-0.834379315,10.33337498,-0.064350687,-0.003996937,-0.010258805,-15,49,95,15,14
2,1693677261203392000,0.563834488,-0.833182216,10.34175396,-0.064483918,-0.004130168,-0.010258805,-18,49,91,17,13
3,1693677261204392000,0.563834488,-0.835576415,10.34774017,-0.06461715,-0.003996937,-0.010125575,-33,47,96,11,11
4,1693677261205392000,0.562637389,-0.835576415,10.34295177,-0.064483918,-0.003996937,-0.010258805,-18,50,90,15,13
0,1693677261299294700,0.561440289,-0.845153213,10.3501339,-0.064483918,-0.0042634,-0.009992342,-16,49,100,16,14
1,1693677261300294700,0.562637389,-0.846350312,10.34893703,-0.064217456,-0.004396631,-0.009992342,-18,45,93,13,13
2,1693677261301294700,0.563834488,-0.845153213,10.35133076,-0.064084224,-0.004396631,-0.009859112,-16,49,93,14,7
3,1693677261302294700,0.562637389,-0.842759013,10.35492229,-0.064217456,-0.004396631,-0.009992342,0,71,119,37,33
4,1693677261303294700,0.563834488,-0.842759013,10.35611916,-0.064084224,-0.0042634,-0.009859112,-18,46,95,15,14
0,1693677261368645200,0.561440289,-0.840364814,10.34893703,-0.064217456,-0.003996937,-0.009859112,-16,52,90,13,12
1,1693677261369645200,0.560243189,-0.840364814,10.34654236,-0.064350687,-0.003863706,-0.009859112,-1,65,113,44,32
2,1693677261370645200,0.55904609,-0.839167714,10.3453455,-0.064350687,-0.003730475,-0.009992342,-1,70,112,33,26
3,1693677261371645200,0.562637389,-0.840364814,10.34774017,-0.064350687,-0.003863706,-0.009992342,-24,47,103,28,14
4,1693677261372645200,0.560243189,-0.839167714,10.34774017,-0.064483918,-0.003863706,-0.010125575,-22,57,91,13,13
0,1693677261405607400,0.555454791,-0.843956113,10.35372543,-0.06461715,-0.003996937,-0.009859112,-20,51,90,13,11
1,1693677261406607400,0.55784899,-0.846350312,10.35133076,-0.064750381,-0.004130168,-0.009992342,-31,61,90,13,10
2,1693677261407607400,0.560243189,-0.847547412,10.35133076,-0.06461715,-0.004130168,-0.009992342,-18,46,93,15,12
3,1693677261408607400,0.55904609,-0.848744512,10.35133076,-0.06461715,-0.004130168,-0.009859112,-18,53,100,13,14
4,1693677261409607400,0.55904609,-0.846350312,10.3453455,-0.064483918,-0.004130168,-0.009992342,-17,49,96,15,17
0,1693677261467076400,0.55904609,-0.841561913,10.3357687,-0.064483918,-0.003730475,-0.010658499,-22,49,91,11,12
1,1693677261468076400,0.55665189,-0.842759013,10.33337498,-0.064483918,-0.003863706,-0.010658499,-21,45,75,12,13
2,1693677261469076400,0.555454791,-0.842759013,10.33217716,-0.064350687,-0.003597243,-0.01079173,-20,55,99,13,14
3,1693677261470076400,0.55665189,-0.842759013,10.33816338,-0.064350687,-0.003464012,-0.01079173,-18,51,92,13,12
4,1693677261471076400,0.555454791,-0.839167714,10.34295177,-0.064217456,-0.003464012,-0.01079173,-21,53,91,13,14
0,1693677261554782800,0.55665189,-0.833182216,10.36210537,-0.064483918,-0.003996937,-0.009725881,-21,49,96,13,12
1,1693677261555782800,0.554257691,-0.837970614,10.36210537,-0.064483918,-0.004130168,-0.009592649,-18,47,90,13,11
2,1693677261556782800,0.553060591,-0.837970614,10.35851383,-0.064483918,-0.004130168,-0.009725881,-22,47,96,13,13
3,1693677261557782800,0.553060591,-0.840364814,10.35971069,-0.064483918,-0.003996937,-0.009592649,-20,50,91,13,14
4,1693677261558782800,0.551863492,-0.841561913,10.35971069,-0.064350687,-0.004130168,-0.009592649,-20,50,92,17,14
0,1693677261620696200,0.553060591,-0.830788016,10.35851383,-0.064217456,-0.003730475,-0.010258805,-24,49,93,13,14
1,1693677261621696200,0.551863492,-0.833182216,10.36449909,-0.064217456,-0.003863706,-0.010258805,-16,49,94,13,14
2,1693677261622696200,0.554257691,-0.834379315,10.36090755,-0.064350687,-0.004130168,-0.010125575,-18,54,95,15,13
3,1693677261623696200,0.554257691,-0.834379315,10.35851383,-0.064350687,-0.003996937,-0.010258805,-19,53,97,20,13
4,1693677261624696200,0.555454791,-0.835576415,10.35372543,-0.064350687,-0.003996937,-0.010125575,-39,52,90,11,14
0,1693677261677669200,0.566228688,-0.824802458,10.35133076,-0.06461715,-0.003996937,-0.010525269,-22,57,95,14,16
1,1693677261678669200,0.565031588,-0.829590917,10.3501339,-0.06461715,-0.003996937,-0.010525269,-14,50,96,13,12
2,1693677261679669200,0.561440289,-0.831985116,10.3501339,-0.064483918,-0.003996937,-0.010658499,-15,57,94,14,14
3,1693677261680669200,0.562637389,-0.834379315,10.34893703,-0.064483918,-0.003863706,-0.010658499,-19,51,93,15,19
4,1693677261681669200,0.562637389,-0.836773515,10.35133076,-0.064350687,-0.003996937,-0.010658499,-17,52,90,13,13
0,1693677261759605300,0.572214186,-0.830788016,10.35492229,-0.064084224,-0.003863706,-0.010258805,-14,29,91,18,16
1,1693677261760605300,0.572214186,-0.833182216,10.35731697,-0.064217456,-0.003730475,-0.010258805,-19,53,94,16,14
2,1693677261761605300,0.569819987,-0.834379315,10.35851383,-0.064084224,-0.003996937,-0.010258805,-24,55,99,13,16
3,1693677261762605300,0.566228688,-0.834379315,10.35133076,-0.064350687,-0.003730475,-0.010258805,-10,49,95,16,14
4,1693677261763605300,0.565031588,-0.834379315,10.34774017,-0.064217456,-0.003597243,-0.010258805,-20,49,93,10,15
0,1693677261827944700,0.561440289,-0.835576415,10.34295177,-0.063817769,-0.003996937,-0.010525269,-21,46,90,6,11
1,1693677261828944700,0.563834488,-0.834379315,10.3453455,-0.063817769,-0.003996937,-0.010258805,-21,49,90,16,14
2,1693677261829944700,0.561440289,-0.835576415,10.34893703,-0.063950993,-0.003996937,-0.010258805,-19,50,96,13,11
3,1693677261830944700,0.560243189,-0.836773515,10.34893703,-0.063950993,-0.004130168,-0.010125575,-18,49,93,12,10
4,1693677261831944700,0.561440289,-0.835576415,10.35252857,-0.063684531,-0.004130168,-0.009992342,-22,40,93,12,10
0,1693677261880647600,0.55665189,-0.837970614,10.35492229,-0.064350687,-0.0042634,-0.010392036,-22,46,91,8,13
1,1693677261881647600,0.554257691,-0.834379315,10.35252857,-0.064350687,-0.004130168,-0.010258805,-16,49,91,13,14
2,1693677261882647600,0.55665189,-0.835576415,10.3501339,-0.064483918,-0.004130168,-0.009992342,-28,50,91,10,14
3,1693677261883647600,0.55784899,-0.834379315,10.35252857,-0.064350687,-0.0042634,-0.009992342,-26,46,90,13,14
4,1693677261884647600,0.55784899,-0.831985116,10.34654236,-0.064217456,-0.0042634,-0.009992342,-26,44,90,14,9
0,1693677261944247400,0.568622887,-0.837970614,10.35133076,-0.063950993,-0.003863706,-0.009859112,-24,49,89,12,7
1,1693677261945247400,0.565031588,-0.834379315,10.35372543,-0.064084224,-0.003996937,-0.010125575,-22,45,91,13,14
2,1693677261946247400,0.562637389,-0.831985116,10.34893703,-0.063950993,-0.003996937,-0.010125575,-27,44,93,12,11
3,1693677261947247400,0.561440289,-0.834379315,10.34654236,-0.063950993,-0.003996937,-0.010258805,-22,41,89,13,11
4,1693677261948247400,0.562637389,-0.830788016,10.3501339,-0.063684531,-0.004130168,-0.010392036,-24,48,91,8,14
0,1693677262053220800,0.566228688,-0.841561913,10.35372543,-0.063950993,-0.004130168,-0.010525269,-23,45,93,13,11
1,1693677262054220800,0.565031588,-0.841561913,10.35252857,-0.064084224,-0.003863706,-0.010525269,-21,46,91,10,11
2,1693677262055220800,0.568622887,-0.843956113,10.3501339,-0.064217456,-0.0042634,-0.010392036,-19,45,93,12,7
3,1693677262056220800,0.568622887,-0.843956113,10.34893703,-0.064217456,-0.0042634,-0.010392036,-18,49,90,13,8
4,1693677262057220800,0.569819987,-0.842759013,10.34654236,-0.064350687,-0.003996937,-0.010392036,-8,62,106,26,24
0,1693677262071224500,0.569819987,-0.835576415,10.35372543,-0.064350687,-0.004130168,-0.009992342,-22,46,90,14,14
1,1693677262072224500,0.572214186,-0.834379315,10.3501339,-0.064350687,-0.003996937,-0.010125575,-18,64,93,9,8
2,1693677262073224500,0.568622887,-0.836773515,10.34654236,-0.064483918,-0.003863706,-0.010125575,-24,41,92,14,13
3,1693677262074224500,0.567425787,-0.840364814,10.35133076,-0.064483918,-0.003863706,-0.010125575,-20,46,95,13,8
4,1693677262075224500,0.568622887,-0.841561913,10.35731697,-0.064350687,-0.003863706,-0.010125575,-28,46,93,12,8
0,1693677262150845500,0.568622887,-0.842759013,10.35133076,-0.064084224,-0.004130168,-0.009459418,-26,49,91,13,16
1,1693677262151845500,0.567425787,-0.846350312,10.35133076,-0.064217456,-0.004130168,-0.009192956,-30,46,90,7,12
2,1693677262152845500,0.567425787,-0.842759013,10.35133076,-0.064084224,-0.003863706,-0.009459418,-23,49,90,13,9
3,1693677262153845500,0.571017087,-0.840364814,10.35252857,-0.063950993,-0.003863706,-0.009326187,-21,48,89,12,9
4,1693677262154845500,0.571017087,-0.836773515,10.35133076,-0.063817769,-0.003863706,-0.009326187,-22,51,91,8,4
0,1693677262225943600,0.55784899,-0.846350312,10.3309803,-0.063950993,-0.003996937,-0.010658499,-22,51,90,13,0
1,1693677262226943600,0.553060591,-0.846350312,10.33696556,-0.064084224,-0.003863706,-0.010525269,-22,47,90,11,12
2,1693677262227943600,0.554257691,-0.845153213,10.33217716,-0.064084224,-0.003730475,-0.01079173,-30,49,89,6,5
3,1693677262228943600,0.55665189,-0.842759013,10.32978344,-0.064217456,-0.003730475,-0.01079173,-21,43,93,13,8
4,1693677262229943600,0.55904609,-0.843956113,10.32738876,-0.064084224,-0.003730475,-0.010658499,-22,44,90,10,13
0,1693677262282876500,0.562637389,-0.828393817,10.36928749,-0.064350687,-0.003730475,-0.009859112,-28,51,90,12,9
1,1693677262283876500,0.561440289,-0.825999558,10.36689377,-0.064483918,-0.003863706,-0.009992342,-24,42,88,10,9
2,1693677262284876500,0.560243189,-0.824802458,10.36449909,-0.064483918,-0.003863706,-0.009992342,-19,45,91,10,8
3,1693677262285876500,0.560243189,-0.827196658,10.36090755,-0.064350687,-0.003863706,-0.009992342,-24,59,93,13,8
4,1693677262286876500,0.567425787,-0.824802458,10.36090755,-0.064483918,-0.003996937,-0.010258805,-28,49,92,13,13
0,1693677262350903100,0.574608386,-0.829590917,10.34893703,-0.063950993,-0.003996937,-0.009859112,-22,48,90,13,3
1,1693677262351903100,0.575805485,-0.829590917,10.34414864,-0.063950993,-0.003996937,-0.009859112,-27,47,90,13,7
2,1693677262352903100,0.574608386,-0.833182216,10.3405571,-0.064217456,-0.003996937,-0.009725881,-27,45,88,8,8
3,1693677262353903100,0.569819987,-0.835576415,10.34175396,-0.064350687,-0.003863706,-0.009859112,-23,45,89,11,9
4,1693677262354903100,0.571017087,-0.836773515,10.3453455,-0.064217456,-0.003863706,-0.009859112,-23,51,91,14,11
0,1693677262422259900,0.55665189,-0.835576415,10.35133076,-0.064084224,-0.003996937,-0.010258805,-22,46,91,13,8
1,1693677262423259900,0.555454791,-0.836773515,10.35252857,-0.064084224,-0.003996937,-0.010125575,-20,42,89,7,8
2,1693677262424259900,0.555454791,-0.837970614,10.35133076,-0.064084224,-0.0042634,-0.010392036,-30,41,90,12,10
3,1693677262425259900,0.553060591,-0.839167714,10.35133076,-0.064217456,-0.0042634,-0.010392036,-22,46,92,13,5
4,1693677262426259900,0.554257691,-0.840364814,10.3501339,-0.064350687,-0.0042634,-0.010258805,-18,44,91,12,14
0,1693677262509633300,0.563834488,-0.842759013,10.34654236,-0.064350687,-0.004663093,-0.010525269,-24,43,93,8,9
1,1693677262510633300,0.562637389,-0.837970614,10.3453455,-0.064483918,-0.004529862,-0.01079173,-28,45,90,15,3
2,1693677262511633300,0.562637389,-0.840364814,10.35372543,-0.064350687,-0.004529862,-0.01079173,-33,43,90,19,12
3,1693677262512633300,0.565031588,-0.842759013,10.34893703,-0.064483918,-0.004396631,-0.01079173,-23,45,90,13,10
4,1693677262513633300,0.562637389,-0.841561913,10.3501339,-0.064217456,-0.004130168,-0.010658499,-22,51,95,12,14
0,1693677262570235700,0.55904609,-0.835576415,10.3501339,-0.064483918,-0.004396631,-0.010392036,-27,45,90,14,12
1,1693677262571235700,0.55904609,-0.833182216,10.34295177,-0.064483918,-0.004396631,-0.010525269,-23,39,87,12,8
2,1693677262572235700,0.55665189,-0.834379315,10.34175396,-0.064350687,-0.004396631,-0.010392036,-29,49,88,12,13
3,1693677262573235700,0.55784899,-0.833182216,10.3405571,-0.064084224,-0.004529862,-0.010392036,-30,47,89,8,7
4,1693677262574235700,0.562637389,-0.834379315,10.33696556,-0.064084224,-0.004529862,-0.010392036,-24,49,94,13,8
0,1693677262612598100,0.565031588,-0.840364814,10.3309803,-0.063817769,-0.003863706,-0.009992342,-22,46,91,10,11
1,1693677262613598100,0.563834488,-0.840364814,10.3309803,-0.063817769,-0.003730475,-0.010125575,-19,43,90,12,9
2,1693677262614598100,0.563834488,-0.835576415,10.32978344,-0.063684531,-0.003730475,-0.010125575,-18,43,91,13,9
3,1693677262615598100,0.566228688,-0.833182216,10.32738876,-0.063817769,-0.003863706,-0.010125575,-27,46,91,12,13
4,1693677262616598100,0.571017087,-0.834379315,10.32379818,-0.064084224,-0.003863706,-0.009992342,-19,39,91,13,14
0,1693677262684910000,0.566228688,-0.834379315,10.3453455,-0.064350687,-0.004396631,-0.010125575,-27,43,88,10,10
1,1693677262685910000,0.565031588,-0.835576415,10.34774017,-0.064350687,-0.004529862,-0.010258805,-30,41,90,32,5
2,1693677262686910000,0.562637389,-0.834379315,10.3501339,-0.064350687,-0.004663093,-0.010258805,-17,43,90,13,8
3,1693677262687910000,0.562637389,-0.835576415,10.35133076,-0.064350687,-0.004529862,-0.010525269,-20,45,95,11,13
4,1693677262688910000,0.561440289,-0.837970614,10.34774017,-0.064350687,-0.004396631,-0.010525269,-24,43,93,13,9
0,1693677262745765000,0.560243189,-0.837970614,10.3309803,-0.064350687,-0.0042634,-0.010258805,-16,48,92,13,14
1,1693677262746765000,0.55904609,-0.835576415,10.32858658,-0.064217456,-0.0042634,-0.009992342,-19,43,95,18,12
2,1693677262747765000,0.55904609,-0.835576415,10.32738876,-0.064350687,-0.004396631,-0.009992342,-21,50,95,13,15
3,1693677262748765000,0.560243189,-0.837970614,10.32738876,-0.064350687,-0.004529862,-0.010125575,-17,48,94,18,13
4,1693677262749765000,0.560243189,-0.836773515,10.3261919,-0.064350687,-0.004529862,-0.010125575,-24,49,99,14,14
0,1693677262813642200,0.566228688,-0.830788016,10.34414864,-0.064084224,-0.003863706,-0.009859112,-21,53,96,11,13
1,1693677262814642200,0.563834488,-0.831985116,10.34654236,-0.064084224,-0.003996937,-0.009859112,-20,53,90,13,11
2,1693677262815642200,0.569819987,-0.835576415,10.34414864,-0.064084224,-0.003863706,-0.009859112,-16,45,93,15,14
3,1693677262816642200,0.568622887,-0.835576415,10.3405571,-0.064084224,-0.003996937,-0.009592649,-18,34,96,13,14
4,1693677262817642200,0.567425787,-0.835576415,10.34414864,-0.063817769,-0.003996937,-0.009725881,-16,49,93,13,13
0,1693677262876301000,0.572214186,-0.827196658,10.35372543,-0.064084224,-0.003863706,-0.009992342,-17,47,94,13,15
1,1693677262877301000,0.569819987,-0.827196658,10.35133076,-0.064084224,-0.003863706,-0.009992342,-20,45,96,13,15
2,1693677262878301000,0.571017087,-0.831985116,10.35731697,-0.064084224,-0.003996937,-0.010125575,-21,43,105,20,14
3,1693677262879301000,0.569819987,-0.831985116,10.35731697,-0.064350687,-0.003996937,-0.009992342,-16,43,94,13,13
4,1693677262880301000,0.568622887,-0.831985116,10.35611916,-0.064483918,-0.003730475,-0.009992342,-19,49,91,14,10
0,1693677262989295300,0.551863492,-0.841561913,10.3501339,-0.064084224,-0.003730475,-0.010125575,-23,50,95,13,13
1,1693677262990295300,0.553060591,-0.836773515,10.35372543,-0.064217456,-0.003863706,-0.010125575,-24,47,99,16,24
2,1693677262991295300,0.549469292,-0.833182216,10.35372543,-0.064217456,-0.003863706,-0.009992342,-23,52,93,13,14
3,1693677262992295300,0.549469292,-0.837970614,10.34893703,-0.064350687,-0.003863706,-0.009992342,-22,47,90,14,14
4,1693677262993295300,0.548272192,-0.839167714,10.35252857,-0.064350687,-0.003730475,-0.009992342,-26,45,95,17,9
0,1693677263023625200,0.55784899,-0.843956113,10.35851383,-0.064084224,-0.003863706,-0.010525269,-21,52,95,14,14
1,1693677263024625200,0.55784899,-0.843956113,10.35971069,-0.064217456,-0.003730475,-0.010658499,-23,48,92,21,15
2,1693677263025625200,0.55665189,-0.842759013,10.36090755,-0.064084224,-0.003730475,-0.010658499,-16,51,90,13,14
3,1693677263026625200,0.55665189,-0.840364814,10.36210537,-0.064084224,-0.003996937,-0.01079173,-19,47,93,14,11
4,1693677263027625200,0.55784899,-0.842759013,10.36449909,-0.064217456,-0.003996937,-0.010658499,-22,46,91,14,11
0,1693677263137871700,0.55904609,-0.85353291,10.34414864,-0.064217456,-0.003996937,-0.010125575,-30,49,96,13,14
1,1693677263138871700,0.562637389,-0.85353291,10.34414864,-0.064350687,-0.003996937,-0.010258805,-18,51,92,14,14
2,1693677263139871700,0.565031588,-0.852335811,10.34414864,-0.064350687,-0.0042634,-0.010125575,-24,42,60,-22,11
3,1693677263140871700,0.562637389,-0.852335811,10.34414864,-0.064350687,-0.004130168,-0.010125575,-24,50,92,14,13
4,1693677263141871700,0.561440289,-0.852335811,10.34175396,-0.064217456,-0.0042634,-0.009859112,-35,48,96,13,12
0,1693677263174847000,0.561440289,-0.837970614,10.33936024,-0.064217456,-0.003863706,-0.009859112,-19,57,96,13,11
1,1693677263175847000,0.563834488,-0.839167714,10.3357687,-0.064084224,-0.003863706,-0.009725881,-18,49,95,11,7
2,1693677263176847000,0.566228688,-0.841561913,10.33816338,-0.064350687,-0.003996937,-0.009725881,-19,46,90,13,14
3,1693677263177847000,0.566228688,-0.841561913,10.33457184,-0.064483918,-0.003863706,-0.009592649,-24,45,93,13,8
4,1693677263178847000,0.565031588,-0.840364814,10.33816338,-0.06461715,-0.003996937,-0.009725881,-17,47,91,14,8
0,1693677263226816400,0.55904609,-0.847547412,10.34414864,-0.064350687,-0.004130168,-0.010125575,-20,45,99,15,14
1,1693677263227816400,0.560243189,-0.847547412,10.34414864,-0.064350687,-0.004130168,-0.010258805,-22,49,91,13,14
2,1693677263228816400,0.55784899,-0.845153213,10.34414864,-0.064350687,-0.003996937,-0.010125575,-18,51,96,15,12
3,1693677263229816400,0.55784899,-0.845153213,10.34774017,-0.064217456,-0.004130168,-0.010258805,-22,44,95,11,11
4,1693677263230816400,0.55784899,-0.841561913,10.3501339,-0.064350687,-0.003996937,-0.010258805,-20,46,90,12,11
