,timestamp,right_data_Ac_X,right_data_Ac_Y,right_data_Ac_Z,right_data_Gy_X,right_data_Gy_Y,right_data_Gy_Z,right_data_flex_1,right_data_flex_2,right_data_flex_3,right_data_flex_4,right_data_flex_5
0,1693677769202567700,-0.114921682,2.41574955,10.21007347,0.054358348,-0.026513018,0.038237367,19,36,-19,-19,52
1,1693677769203567700,-0.114921682,2.41335535,10.21127033,0.054358348,-0.026646247,0.038104136,21,36,-21,-33,56
2,1693677769204567700,-0.114921682,2.412158251,10.21246719,0.054358348,-0.026646247,0.038104136,19,32,-22,-20,49
3,1693677769205567700,-0.112527482,2.412158251,10.21366405,0.054225113,-0.026379786,0.037970904,14,31,-27,-24,48
4,1693677769206567700,-0.114921682,2.41335535,10.21725559,0.054358348,-0.026513018,0.037970904,15,39,-25,-23,52
0,1693677769224559100,-0.110133275,2.418143749,10.22922707,0.054491576,-0.025980091,0.037970904,13,36,-19,-24,52
1,1693677769225559100,-0.111330383,2.41694665,10.22922707,0.054358348,-0.025980091,0.037970904,12,40,-28,-20,52
2,1693677769226559100,-0.112527482,2.41455245,10.22443867,0.054491576,-0.025846859,0.037970904,7,36,-29,-33,46
3,1693677769227559100,-0.112527482,2.41335535,10.22324085,0.054624807,-0.02571363,0.037837673,19,32,-23,-27,50
4,1693677769228559100,-0.107739076,2.410961151,10.22084713,0.054491576,-0.02571363,0.038104136,18,35,-23,-26,54
0,1693677769251541900,-0.118512981,2.408566952,10.21605873,0.053958651,-0.026779478,0.038104136,18,34,-21,-21,49
1,1693677769252541900,-0.119710088,2.407369852,10.21725559,0.053958651,-0.026779478,0.038104136,19,33,-22,-23,48
2,1693677769253541900,-0.117315881,2.406172752,10.21725559,0.053958651,-0.026646247,0.037970904,5,34,-24,-32,48
3,1693677769254541900,-0.116118781,2.404975653,10.21845245,0.054091886,-0.026646247,0.037970904,19,30,-23,-25,49
4,1693677769255541900,-0.119710088,2.407369852,10.21845245,0.054091886,-0.026646247,0.037970904,14,42,-25,-33,50
0,1693677769277525400,-0.116118781,2.41574955,10.21127033,0.054225113,-0.026113322,0.037704438,19,45,-25,-28,48
1,1693677769278525400,-0.116118781,2.41335535,10.21246719,0.054225113,-0.026246555,0.037704438,16,35,-26,-30,45
2,1693677769279525400,-0.114921682,2.410961151,10.21246719,0.054491576,-0.026513018,0.037704438,16,39,-25,-20,50
3,1693677769280525400,-0.114921682,2.409764051,10.21127033,0.054491576,-0.026513018,0.037704438,16,35,-20,-24,50
4,1693677769281525400,-0.113724582,2.409764051,10.21246719,0.054358348,-0.026513018,0.037837673,20,41,-25,-20,55
0,1693677769304261900,-0.110133275,2.409764051,10.21127033,0.054225113,-0.026246555,0.037837673,14,39,-21,-23,54
1,1693677769305261900,-0.111330383,2.410961151,10.21605873,0.054225113,-0.026113322,0.037704438,27,30,-27,-28,51
2,1693677769306261900,-0.112527482,2.410961151,10.21366405,0.054225113,-0.025980091,0.037704438,17,35,-21,-25,45
3,1693677769307261900,-0.111330383,2.408566952,10.21246719,0.054358348,-0.025846859,0.037704438,20,35,-22,-27,50
4,1693677769308261900,-0.107739076,2.407369852,10.21605873,0.054358348,-0.025846859,0.037704438,17,40,-20,-32,49
0,1693677769337242400,-0.10175357,2.41455245,10.21007347,0.053825419,-0.026379786,0.037704438,10,29,-24,-19,50
1,1693677769338242400,-0.10295067,2.41455245,10.21605873,0.053958651,-0.026113322,0.037837673,14,39,-24,-29,48
2,1693677769339242400,-0.10295067,2.41574955,10.21246719,0.053958651,-0.026113322,0.037970904,20,45,-24,-23,49
3,1693677769340242400,-0.10175357,2.41455245,10.21605873,0.053825419,-0.026113322,0.037970904,18,39,-27,-24,50
4,1693677769341242400,-0.099359371,2.41455245,10.21246719,0.053692192,-0.026113322,0.037837673,15,43,-24,-23,53
0,1693677769397208700,-0.110133275,2.41335535,10.21007347,0.053958651,-0.026379786,0.037704438,15,39,-27,-19,53
1,1693677769398208700,-0.108936176,2.41335535,10.21007347,0.053958651,-0.026513018,0.037704438,20,33,-22,-24,53
2,1693677769399208700,-0.113724582,2.412158251,10.20887566,0.054091886,-0.02691271,0.037837673,17,39,-19,-20,52
3,1693677769400208700,-0.113724582,2.412158251,10.21007347,0.054225113,-0.027045943,0.037970904,10,30,-31,-22,48
4,1693677769401208700,-0.113724582,2.41694665,10.21007347,0.054225113,-0.027045943,0.037970904,18,40,-22,-23,48
0,1693677769458175900,-0.111330383,2.406172752,10.21366405,0.054091886,-0.026513018,0.038104136,15,40,-23,-26,53
1,1693677769459175900,-0.106541976,2.406172752,10.21366405,0.054225113,-0.026379786,0.038104136,17,31,-23,-18,51
2,1693677769460175900,-0.106541976,2.406172752,10.21366405,0.054225113,-0.026513018,0.038104136,20,45,-28,-20,53
3,1693677769461175900,-0.106541976,2.403778553,10.21007347,0.054225113,-0.026513018,0.037970904,18,36,-27,-22,46
4,1693677769462175900,-0.105344877,2.403778553,10.21007347,0.054225113,-0.026513018,0.037837673,18,42,-25,-18,54
0,1693677769494153400,-0.113724582,2.407369852,10.21845245,0.054358348,-0.026646247,0.037704438,21,41,-20,-18,50
1,1693677769495153400,-0.116118781,2.408566952,10.21725559,0.054358348,-0.026513018,0.037837673,20,44,-17,-27,55
2,1693677769496153400,-0.114921682,2.409764051,10.21965027,0.054358348,-0.026513018,0.037837673,19,34,-18,-22,49
3,1693677769497153400,-0.118512981,2.412158251,10.22204399,0.054225113,-0.026246555,0.037970904,18,35,-24,-27,48
4,1693677769498153400,-0.120907187,2.412158251,10.21965027,0.054091886,-0.026379786,0.037704438,10,36,-28,-21,52
0,1693677769520137900,-0.113724582,2.41455245,10.20887566,0.054225113,-0.027312404,0.03757121,20,31,-21,-22,55
1,1693677769521137900,-0.113724582,2.41455245,10.20887566,0.054091886,-0.027312404,0.03757121,17,41,-24,-18,54
2,1693677769522137900,-0.112527482,2.41335535,10.21246719,0.054091886,-0.027179174,0.037704438,18,33,-25,-26,52
3,1693677769523137900,-0.111330383,2.41455245,10.20887566,0.054225113,-0.027045943,0.03757121,13,32,-20,-24,43
4,1693677769524137900,-0.111330383,2.41455245,10.21127033,0.054225113,-0.02691271,0.03757121,14,31,-29,-24,44
0,1693677769541126400,-0.112527482,2.403778553,10.2028904,0.054225113,-0.027179174,0.037970904,20,35,-13,-29,53
1,1693677769542126400,-0.111330383,2.404975653,10.20528507,0.054225113,-0.027312404,0.038104136,17,32,-27,-22,48
2,1693677769543126400,-0.110133275,2.406172752,10.20528507,0.054091886,-0.027179174,0.038237367,11,35,-24,-23,50
3,1693677769544126400,-0.111330383,2.403778553,10.20648193,0.054091886,-0.027179174,0.038237367,15,30,-28,-23,49
4,1693677769545126400,-0.112527482,2.407369852,10.21007347,0.054091886,-0.027045943,0.038237367,19,43,-27,-18,53
0,1693677769560114100,-0.111330383,2.41694665,10.21845245,0.054358348,-0.026513018,0.03757121,15,40,-22,-19,50
1,1693677769561114100,-0.110133275,2.41335535,10.21605873,0.054358348,-0.026513018,0.03757121,19,44,-24,-21,52
2,1693677769562114100,-0.108936176,2.410961151,10.21246719,0.054225113,-0.026379786,0.037704438,20,42,-23,-30,47
3,1693677769563114100,-0.106541976,2.410961151,10.21486187,0.054225113,-0.026379786,0.03757121,13,43,-28,-28,50
4,1693677769564114100,-0.10175357,2.410961151,10.21605873,0.054225113,-0.026113322,0.037437979,11,31,-28,-25,52
0,1693677769595095900,-0.108936176,2.408566952,10.21605873,0.053825419,-0.02571363,0.037837673,20,33,-22,-21,53
1,1693677769596095900,-0.111330383,2.410961151,10.22084713,0.053958651,-0.026113322,0.037970904,19,35,-21,-22,54
2,1693677769597095900,-0.108936176,2.41335535,10.22443867,0.054091886,-0.026513018,0.037970904,17,30,-29,-30,50
3,1693677769598095900,-0.107739076,2.41455245,10.22204399,0.054091886,-0.026513018,0.037970904,14,39,-21,-22,50
4,1693677769599095900,-0.10295067,2.41694665,10.22204399,0.054225113,-0.026513018,0.037837673,19,36,-20,-20,52
0,1693677769615082800,-0.113724582,2.409764051,10.20887566,0.053825419,-0.02571363,0.03757121,16,35,-23,-30,49
1,1693677769616082800,-0.118512981,2.409764051,10.21127033,0.053958651,-0.025846859,0.037704438,5,35,-27,-24,49
2,1693677769617082800,-0.118512981,2.407369852,10.21486187,0.054091886,-0.026113322,0.037704438,18,42,-25,-32,52
3,1693677769618082800,-0.116118781,2.406172752,10.21725559,0.054225113,-0.026379786,0.037704438,20,41,-25,-22,54
4,1693677769619082800,-0.110133275,2.406172752,10.21965027,0.054491576,-0.026646247,0.037837673,18,43,-23,-24,52
0,1693677769639069800,-0.108936176,2.418143749,10.22802925,0.054225113,-0.026513018,0.037970904,13,42,-27,-24,50
1,1693677769640069800,-0.106541976,2.419340849,10.23281765,0.054358348,-0.026513018,0.037970904,15,30,-25,-24,53
2,1693677769641069800,-0.105344877,2.419340849,10.23640919,0.054225113,-0.026646247,0.037970904,13,40,-30,-24,52
3,1693677769642069800,-0.106541976,2.418143749,10.23281765,0.054225113,-0.026513018,0.037970904,20,36,-30,-17,54
4,1693677769643069800,-0.107739076,2.419340849,10.22802925,0.054225113,-0.026513018,0.037970904,20,37,-13,-22,52
0,1693677769658059400,-0.110133275,2.41694665,10.21246719,0.054758042,-0.027445635,0.037437979,17,33,-23,-22,55
1,1693677769659059400,-0.110133275,2.418143749,10.21366405,0.054758042,-0.027179174,0.037437979,19,36,-21,-24,50
2,1693677769660059400,-0.112527482,2.41335535,10.21486187,0.054491576,-0.02691271,0.037171517,20,46,-25,-18,45
3,1693677769661059400,-0.114921682,2.410961151,10.21725559,0.054225113,-0.026646247,0.037038282,16,41,-16,-28,53
4,1693677769662059400,-0.113724582,2.409764051,10.21965027,0.054091886,-0.026246555,0.036905054,19,35,-28,-24,52
0,1693677769680047700,-0.118512981,2.41694665,10.21007347,0.05489127,-0.027312404,0.037837673,11,36,-28,-24,49
1,1693677769681047700,-0.114921682,2.418143749,10.21246719,0.054758042,-0.027312404,0.037704438,19,35,-25,-22,52
2,1693677769682047700,-0.110133275,2.419340849,10.21366405,0.054624807,-0.027312404,0.03757121,15,40,-16,-20,52
3,1693677769683047700,-0.112527482,2.420537949,10.21246719,0.054358348,-0.02691271,0.037437979,15,35,-25,-26,55
4,1693677769684047700,-0.112527482,2.420537949,10.21246719,0.054225113,-0.026646247,0.037304748,18,34,-28,-27,53
0,1693677769704033000,-0.119710088,2.410961151,10.20887566,0.054225113,-0.026779478,0.037970904,14,33,-29,-29,48
1,1693677769705033000,-0.117315881,2.410961151,10.20528507,0.054225113,-0.026779478,0.038237367,19,40,-23,-24,52
2,1693677769706033000,-0.116118781,2.410961151,10.20049667,0.054358348,-0.02691271,0.038237367,17,40,-24,-22,50
3,1693677769707033000,-0.118512981,2.412158251,10.20049667,0.054491576,-0.027045943,0.038237367,13,37,-22,-33,52
4,1693677769708033000,-0.116118781,2.412158251,10.20767879,0.054491576,-0.02691271,0.038237367,15,41,-32,-28,44
0,1693677769723022600,-0.114921682,2.407369852,10.21007347,0.054491576,-0.027045943,0.037970904,15,39,-23,-20,52
1,1693677769724022600,-0.114921682,2.409764051,10.21007347,0.054624807,-0.02691271,0.038104136,15,39,-21,-21,54
2,1693677769725022600,-0.112527482,2.407369852,10.20767879,0.054624807,-0.027045943,0.038237367,15,36,-20,-21,48
3,1693677769726022600,-0.113724582,2.407369852,10.20648193,0.054624807,-0.027179174,0.037970904,19,39,-20,-27,52
4,1693677769727022600,-0.114921682,2.408566952,10.20528507,0.05489127,-0.027312404,0.037970904,20,32,-20,-23,50
0,1693677769742010300,-0.122104287,2.412158251,10.22683239,0.054358348,-0.026113322,0.037970904,20,44,-24,-18,54
1,1693677769743010300,-0.118512981,2.41335535,10.22802925,0.054358348,-0.026246555,0.037704438,18,35,-25,-23,52
2,1693677769744010300,-0.120907187,2.41335535,10.22802925,0.054358348,-0.026379786,0.037704438,13,39,-24,-22,54
3,1693677769745010300,-0.118512981,2.412158251,10.22802925,0.054624807,-0.026379786,0.037704438,14,30,-25,-26,50
4,1693677769746010300,-0.119710088,2.410961151,10.22683239,0.054491576,-0.026379786,0.037837673,20,50,-21,-22,55
0,1693677769762998000,-0.116118781,2.408566952,10.21965027,0.054624807,-0.026379786,0.037837673,19,46,-18,-20,52
1,1693677769763998000,-0.116118781,2.407369852,10.21965027,0.054624807,-0.026246555,0.037704438,11,37,-24,-24,49
2,1693677769764998000,-0.113724582,2.406172752,10.21605873,0.054491576,-0.026379786,0.037837673,17,31,-31,-23,52
3,1693677769765998000,-0.113724582,2.406172752,10.21486187,0.054491576,-0.026246555,0.037970904,20,31,-21,-21,55
4,1693677769766998000,-0.114921682,2.407369852,10.21605873,0.054358348,-0.026246555,0.038104136,11,34,-20,-24,53
0,1693677769779988200,-0.117315881,2.41335535,10.22084713,0.054491576,-0.026513018,0.038104136,20,35,-19,-27,50
1,1693677769780988200,-0.120907187,2.41455245,10.21605873,0.054491576,-0.026513018,0.037970904,25,35,-24,-20,49
2,1693677769781988200,-0.120907187,2.41574955,10.21605873,0.054491576,-0.026379786,0.037837673,13,31,-25,-26,50
3,1693677769782988200,-0.118512981,2.419340849,10.21246719,0.054225113,-0.026246555,0.037970904,20,40,-21,-24,50
4,1693677769783988200,-0.122104287,2.418143749,10.21127033,0.054225113,-0.026246555,0.037970904,17,45,-25,-22,53
0,1693677769823966400,-0.116118781,2.412158251,10.20169353,0.053692192,-0.027179174,0.037837673,18,41,-20,-20,55
1,1693677769824966400,-0.117315881,2.412158251,10.2028904,0.053825419,-0.027179174,0.037704438,15,45,-24,-22,48
2,1693677769825966400,-0.114921682,2.410961151,10.20408726,0.053825419,-0.027045943,0.037704438,14,40,-27,-27,54
3,1693677769826966400,-0.117315881,2.410961151,10.20408726,0.053825419,-0.02691271,0.037704438,13,28,-25,-24,49
4,1693677769827966400,-0.118512981,2.41455245,10.20049667,0.053825419,-0.027045943,0.037704438,19,33,-24,-19,53
0,1693677769847972500,-0.106541976,2.407369852,10.20049667,0.053692192,-0.02691271,0.037970904,17,43,-17,-17,55
1,1693677769848972500,-0.106541976,2.406172752,10.20528507,0.053825419,-0.02691271,0.037970904,18,39,-19,-27,49
2,1693677769849972500,-0.106541976,2.406172752,10.21246719,0.053958651,-0.027045943,0.037970904,17,39,-29,-18,45
3,1693677769850972500,-0.108936176,2.406172752,10.21486187,0.053958651,-0.027045943,0.037970904,13,41,-24,-19,53
4,1693677769851972500,-0.110133275,2.408566952,10.21366405,0.053825419,-0.026779478,0.037970904,18,37,-21,-23,52
0,1693677769870937000,-0.112527482,2.404975653,10.22324085,0.054225113,-0.025980091,0.037970904,19,30,-29,-26,51
1,1693677769871937000,-0.111330383,2.404975653,10.22563553,0.054358348,-0.025980091,0.037970904,11,36,-24,-24,52
2,1693677769872937000,-0.113724582,2.404975653,10.22324085,0.054225113,-0.026113322,0.037970904,13,35,-28,-26,68
3,1693677769873937000,-0.111330383,2.404975653,10.22683239,0.054091886,-0.026246555,0.038104136,14,32,-28,-22,49
4,1693677769874937000,-0.107739076,2.406172752,10.22802925,0.054225113,-0.026379786,0.038237367,15,37,-21,-19,52
0,1693677769893927200,-0.110133275,2.410961151,10.21007347,0.054091886,-0.027045943,0.038104136,18,39,-24,-24,52
1,1693677769894927200,-0.114921682,2.41455245,10.20648193,0.054091886,-0.027045943,0.037970904,13,28,-25,-24,46
2,1693677769895927200,-0.116118781,2.41335535,10.20528507,0.054091886,-0.027045943,0.038104136,20,41,-25,-24,54
3,1693677769896927200,-0.113724582,2.41694665,10.2028904,0.054091886,-0.02691271,0.038104136,17,30,-25,-24,51
4,1693677769897927200,-0.112527482,2.41694665,10.198102,0.054091886,-0.027045943,0.038237367,19,41,-21,-15,55
0,1693677769912911700,-0.120907187,2.41694665,10.20887566,0.054624807,-0.027045943,0.038370594,16,41,-23,-23,53
1,1693677769913911700,-0.119710088,2.41455245,10.20767879,0.054358348,-0.026779478,0.038370594,20,35,-24,-26,51
2,1693677769914911700,-0.117315881,2.41574955,10.20767879,0.054358348,-0.026779478,0.038370594,20,35,-24,-22,52
3,1693677769915911700,-0.114921682,2.41694665,10.20767879,0.054358348,-0.026779478,0.038370594,20,42,-21,-23,52
4,1693677769916911700,-0.111330383,2.419340849,10.20887566,0.054225113,-0.026513018,0.038370594,22,39,-20,-22,53
0,1693677769933900500,-0.118512981,2.412158251,10.22084713,0.054358348,-0.026646247,0.037437979,10,35,-30,-22,48
1,1693677769934900500,-0.116118781,2.408566952,10.22324085,0.054225113,-0.026779478,0.03757121,10,37,-33,-22,49
2,1693677769935900500,-0.111330383,2.407369852,10.22683239,0.054225113,-0.026779478,0.03757121,20,33,-21,-20,52
3,1693677769936900500,-0.114921682,2.407369852,10.22563553,0.054091886,-0.02691271,0.03757121,20,35,-17,-23,55
4,1693677769937900500,-0.112527482,2.409764051,10.22683239,0.054091886,-0.027045943,0.03757121,19,35,-24,-25,51
0,1693677769954888200,-0.114921682,2.410961151,10.21725559,0.054225113,-0.026779478,0.037970904,14,33,-17,-26,50
1,1693677769955888200,-0.116118781,2.406172752,10.21246719,0.054091886,-0.026513018,0.037837673,19,33,-18,-19,53
2,1693677769956888200,-0.117315881,2.404975653,10.20887566,0.053958651,-0.026379786,0.037970904,20,33,-21,-26,54
3,1693677769957888200,-0.117315881,2.402581453,10.2028904,0.053958651,-0.026513018,0.037837673,21,40,-24,-22,53
4,1693677769958888200,-0.118512981,2.402581453,10.20408726,0.053958651,-0.026513018,0.037837673,11,40,-17,-23,51
0,1693677769975875800,-0.118512981,2.41335535,10.21246719,0.054091886,-0.026513018,0.038104136,19,31,-22,-18,48
1,1693677769976875800,-0.116118781,2.41335535,10.21486187,0.053958651,-0.026646247,0.038237367,14,45,-20,-28,52
2,1693677769977875800,-0.116118781,2.41455245,10.21486187,0.054091886,-0.026779478,0.038237367,20,39,-21,-20,53
3,1693677769978875800,-0.114921682,2.41574955,10.21486187,0.054091886,-0.026646247,0.038237367,20,40,-25,-26,54
4,1693677769979875800,-0.114921682,2.418143749,10.21845245,0.054091886,-0.026513018,0.038370594,15,39,-22,-23,55
0,1693677769994865000,-0.105344877,2.41335535,10.21605873,0.054225113,-0.026513018,0.037970904,17,39,-29,-28,53
1,1693677769995865000,-0.105344877,2.41574955,10.21366405,0.054225113,-0.026513018,0.037837673,18,37,-21,-22,55
2,1693677769996865000,-0.110133275,2.41574955,10.21605873,0.054225113,-0.026646247,0.037970904,20,41,-19,-18,55
3,1693677769997865000,-0.111330383,2.41455245,10.21845245,0.054091886,-0.026779478,0.038104136,6,31,-30,-28,53
4,1693677769998865000,-0.111330383,2.41335535,10.21605873,0.054091886,-0.026646247,0.038104136,9,36,-28,-26,45
0,1693677770012855300,-0.113724582,2.412158251,10.20767879,0.053958651,-0.026379786,0.037437979,17,33,-21,-19,53
1,1693677770013855300,-0.113724582,2.408566952,10.20648193,0.053958651,-0.026246555,0.037437979,21,33,-19,-24,53
2,1693677770014855300,-0.116118781,2.407369852,10.2028904,0.053825419,-0.026379786,0.037437979,20,40,-25,-26,52
3,1693677770015855300,-0.114921682,2.406172752,10.20169353,0.053825419,-0.026379786,0.037437979,15,39,-23,-22,48
4,1693677770016855300,-0.116118781,2.408566952,10.19929886,0.054091886,-0.026646247,0.037437979,17,30,-23,-26,50
0,1693677770031846400,-0.113724582,2.418143749,10.22922707,0.054091886,-0.026779478,0.037970904,15,34,-21,-23,50
1,1693677770032846400,-0.108936176,2.419340849,10.22922707,0.054091886,-0.02691271,0.037970904,14,31,-19,-30,49
2,1693677770033846400,-0.107739076,2.418143749,10.23042393,0.054358348,-0.02691271,0.038104136,17,40,-29,-22,56
3,1693677770034846400,-0.106541976,2.41694665,10.22683239,0.054358348,-0.02691271,0.038104136,-11,41,-23,-19,55
4,1693677770035846400,-0.105344877,2.41574955,10.22563553,0.054225113,-0.027045943,0.037837673,18,41,-17,-19,51
0,1693677770051833000,-0.105344877,2.410961151,10.21366405,0.053958651,-0.026513018,0.03757121,19,39,-21,-20,50
1,1693677770052833000,-0.106541976,2.412158251,10.21007347,0.053825419,-0.026513018,0.037704438,10,36,-31,-22,53
2,1693677770053833000,-0.106541976,2.41335535,10.20528507,0.054091886,-0.026379786,0.037704438,19,37,-19,-24,55
3,1693677770054833000,-0.106541976,2.41574955,10.20408726,0.054225113,-0.026513018,0.037704438,18,42,-18,-22,50
4,1693677770055833000,-0.105344877,2.41574955,10.20887566,0.054225113,-0.026646247,0.037704438,15,39,-27,-23,52
0,1693677770070822500,-0.108936176,2.418143749,10.21725559,0.054358348,-0.026646247,0.037837673,9,31,-27,-20,54
1,1693677770071822500,-0.108936176,2.419340849,10.21845245,0.054358348,-0.026513018,0.03757121,15,41,-23,-22,57
2,1693677770072822500,-0.108936176,2.418143749,10.21965027,0.054225113,-0.026646247,0.03757121,20,36,-24,-24,54
3,1693677770073822500,-0.105344877,2.41574955,10.21845245,0.054358348,-0.026779478,0.03757121,17,47,-20,-26,53
4,1693677770074822500,-0.105344877,2.41335535,10.22084713,0.054358348,-0.02691271,0.037437979,11,39,-25,-23,55
0,1693677770089812300,-0.116118781,2.407369852,10.22324085,0.054624807,-0.027045943,0.037837673,7,30,-31,-34,42
1,1693677770090812300,-0.118512981,2.403778553,10.21845245,0.054758042,-0.026779478,0.037970904,7,30,-31,-30,40
2,1693677770091812300,-0.120907187,2.402581453,10.21965027,0.054491576,-0.02691271,0.038104136,13,31,-32,-28,42
3,1693677770092812300,-0.119710088,2.403778553,10.22084713,0.054491576,-0.02691271,0.038104136,13,31,-33,-33,39
4,1693677770093812300,-0.119710088,2.406172752,10.22324085,0.054358348,-0.026779478,0.038104136,19,39,-25,-22,55
0,1693677770107801100,-0.114921682,2.41574955,10.21725559,0.054358348,-0.026646247,0.037704438,-7,21,-35,-33,45
1,1693677770108801100,-0.116118781,2.41574955,10.22204399,0.054491576,-0.026646247,0.037837673,9,29,-34,-33,39
2,1693677770109801100,-0.119710088,2.41455245,10.22324085,0.054358348,-0.026646247,0.037970904,7,23,-34,-32,39
3,1693677770110801100,-0.119710088,2.41335535,10.21845245,0.054758042,-0.026779478,0.037837673,9,30,-28,-33,42
4,1693677770111801100,-0.120907187,2.412158251,10.21845245,0.054758042,-0.026779478,0.037837673,5,30,-34,-33,39
0,1693677770127789100,-0.106541976,2.420537949,10.21486187,0.054358348,-0.027045943,0.037837673,-5,30,-35,-34,37
1,1693677770128789100,-0.110133275,2.420537949,10.21246719,0.054225113,-0.027045943,0.037970904,-2,27,-34,-32,40
2,1693677770129789100,-0.113724582,2.418143749,10.21965027,0.054225113,-0.027179174,0.037704438,6,29,-34,-33,41
3,1693677770130789100,-0.111330383,2.419340849,10.21605873,0.054358348,-0.027179174,0.037837673,5,30,-32,-33,44
4,1693677770131789100,-0.108936176,2.418143749,10.22084713,0.054624807,-0.027312404,0.037704438,5,28,-34,-34,42
0,1693677770145778900,-0.113724582,2.410961151,10.21127033,0.054491576,-0.026513018,0.037837673,13,31,-25,-28,49
1,1693677770146778900,-0.114921682,2.412158251,10.21605873,0.054624807,-0.026246555,0.037704438,17,34,-29,-28,52
2,1693677770147778900,-0.114921682,2.408566952,10.22324085,0.054358348,-0.026246555,0.037704438,13,39,-24,-24,46
3,1693677770148778900,-0.114921682,2.408566952,10.22563553,0.054358348,-0.026113322,0.037837673,13,35,-23,-23,48
4,1693677770149778900,-0.114921682,2.41335535,10.22084713,0.054358348,-0.026246555,0.037837673,19,32,-28,-23,52
0,1693677770165770100,-0.112527482,2.41455245,10.20767879,0.054225113,-0.026246555,0.037704438,6,30,-29,-24,48
1,1693677770166770100,-0.116118781,2.41455245,10.20408726,0.054358348,-0.026379786,0.037704438,5,35,-28,-23,52
2,1693677770167770100,-0.114921682,2.41335535,10.20767879,0.054491576,-0.026246555,0.03757121,9,40,-28,-22,65
3,1693677770168770100,-0.112527482,2.41335535,10.20887566,0.054491576,-0.026379786,0.037704438,10,36,-27,-30,48
4,1693677770169770100,-0.113724582,2.409764051,10.21246719,0.054624807,-0.026513018,0.037837673,17,33,-32,-23,49
0,1693677770193755800,-0.112527482,2.404975653,10.22443867,0.054225113,-0.026513018,0.037837673,17,35,-28,-26,45
1,1693677770194755800,-0.110133275,2.404975653,10.22443867,0.054225113,-0.026646247,0.037970904,14,45,-20,-20,50
2,1693677770195755800,-0.106541976,2.401384354,10.22443867,0.054358348,-0.026646247,0.037970904,15,40,-21,-24,50
3,1693677770196755800,-0.107739076,2.400187254,10.22204399,0.054491576,-0.026779478,0.037837673,10,40,-22,-22,55
4,1693677770197755800,-0.106541976,2.397793055,10.21965027,0.054225113,-0.026646247,0.037704438,13,37,-21,-27,55
0,1693677770214739700,-0.111330383,2.418143749,10.21366405,0.054091886,-0.026779478,0.037704438,19,35,-28,-32,49
1,1693677770215739700,-0.110133275,2.41694665,10.21366405,0.054091886,-0.026779478,0.037704438,15,33,-24,-20,52
2,1693677770216739700,-0.108936176,2.41574955,10.21486187,0.054091886,-0.026779478,0.037704438,15,39,-24,-23,55
3,1693677770217739700,-0.108936176,2.41694665,10.21246719,0.054091886,-0.026779478,0.037837673,7,31,-25,-23,50
4,1693677770218739700,-0.110133275,2.418143749,10.20887566,0.053958651,-0.026646247,0.037837673,20,35,-25,-27,50
0,1693677770235728700,-0.116118781,2.410961151,10.21366405,0.053825419,-0.025980091,0.037837673,18,51,-27,-24,46
1,1693677770236728700,-0.113724582,2.410961151,10.21725559,0.053958651,-0.025846859,0.037837673,23,36,-24,-23,53
2,1693677770237728700,-0.119710088,2.412158251,10.21486187,0.053825419,-0.025980091,0.037837673,15,37,-25,-22,52
3,1693677770238728700,-0.119710088,2.408566952,10.22084713,0.053958651,-0.026113322,0.037837673,16,32,-29,-28,46
4,1693677770239728700,-0.117315881,2.409764051,10.21725559,0.054091886,-0.025980091,0.037837673,9,30,-23,-30,44
0,1693677770258714200,-0.117315881,2.41574955,10.21605873,0.053692192,-0.025580399,0.037704438,16,32,-25,-24,52
1,1693677770259714200,-0.114921682,2.41455245,10.21246719,0.053692192,-0.025447167,0.03757121,19,33,-24,-27,49
2,1693677770260714200,-0.113724582,2.41335535,10.20887566,0.053692192,-0.025580399,0.037704438,17,30,-29,-27,46
3,1693677770261714200,-0.114921682,2.410961151,10.20767879,0.053558957,-0.025580399,0.03757121,17,35,-29,-27,44
4,1693677770262714200,-0.113724582,2.410961151,10.2028904,0.053558957,-0.025580399,0.037437979,14,31,-24,-27,48
0,1693677770281701200,-0.110133275,2.41335535,10.21486187,0.053825419,-0.026646247,0.037837673,19,37,-21,-22,54
1,1693677770282701200,-0.108936176,2.41455245,10.21605873,0.053825419,-0.026646247,0.037704438,20,39,-24,-24,48
2,1693677770283701200,-0.107739076,2.41455245,10.21605873,0.053692192,-0.026513018,0.03757121,20,41,-25,-27,48
3,1693677770284701200,-0.107739076,2.41574955,10.22084713,0.053692192,-0.026246555,0.037437979,10,30,-29,-27,50
4,1693677770285701200,-0.106541976,2.41574955,10.22563553,0.053558957,-0.025980091,0.037437979,17,34,-21,-27,50
0,1693677770303688700,-0.116118781,2.408566952,10.21845245,0.053558957,-0.026246555,0.03757121,17,41,-21,-24,53
1,1693677770304688700,-0.113724582,2.41335535,10.21725559,0.054358348,-0.026646247,0.037437979,11,33,-29,-22,49
2,1693677770305688700,-0.112527482,2.41574955,10.21965027,0.055024505,-0.026779478,0.037304748,10,33,-31,-23,49
3,1693677770306688700,-0.111330383,2.41694665,10.22324085,0.055024505,-0.026513018,0.037437979,20,36,-29,-24,49
4,1693677770307688700,-0.110133275,2.41694665,10.22683239,0.054225113,-0.025980091,0.037437979,13,34,-24,-28,52
0,1693677770327676100,-0.116118781,2.409764051,10.21845245,0.053825419,-0.026246555,0.03757121,19,37,-25,-21,42
1,1693677770328676100,-0.114921682,2.409764051,10.21845245,0.054225113,-0.026646247,0.03757121,19,39,-28,-28,44
2,1693677770329676100,-0.113724582,2.408566952,10.22922707,0.054491576,-0.027179174,0.037837673,18,37,-32,-24,48
3,1693677770330676100,-0.114921682,2.410961151,10.23162079,0.054624807,-0.027445635,0.037837673,13,30,-24,-23,50
4,1693677770331676100,-0.112527482,2.409764051,10.22922707,0.054758042,-0.027312404,0.037837673,19,41,-21,-29,49
0,1693677770357496600,-0.106541976,2.412158251,10.22802925,0.053692192,-0.026513018,0.03757121,18,40,-22,-22,51
1,1693677770358496600,-0.106541976,2.409764051,10.22443867,0.053692192,-0.026646247,0.03757121,14,39,-24,-28,45
2,1693677770359496600,-0.107739076,2.409764051,10.21845245,0.053958651,-0.026779478,0.037704438,13,47,-24,-28,46
3,1693677770360496600,-0.108936176,2.410961151,10.22084713,0.054091886,-0.026779478,0.037970904,20,36,-25,-21,52
4,1693677770361496600,-0.107739076,2.412158251,10.22324085,0.054225113,-0.02691271,0.037837673,16,42,-21,-23,55
0,1693677770422573500,-0.106541976,2.41694665,10.21007347,0.053958651,-0.027045943,0.038237367,19,31,-19,-30,57
1,1693677770423573500,-0.105344877,2.41694665,10.21007347,0.054091886,-0.026646247,0.038237367,14,40,-29,-24,49
2,1693677770424573500,-0.10295067,2.41455245,10.2028904,0.054091886,-0.026646247,0.038104136,18,35,-19,-24,54
3,1693677770425573500,-0.104147777,2.412158251,10.19929886,0.054225113,-0.026513018,0.038104136,13,36,-19,-23,49
4,1693677770426573500,-0.105344877,2.407369852,10.19570827,0.054225113,-0.026646247,0.037970904,15,34,-29,-25,46
0,1693677770478516900,-0.117315881,2.419340849,10.22802925,0.054225113,-0.027179174,0.038370594,5,27,-31,-26,40
1,1693677770479516900,-0.116118781,2.418143749,10.22683239,0.054358348,-0.027045943,0.038370594,13,30,-24,-26,43
2,1693677770480516900,-0.114921682,2.41574955,10.22204399,0.054491576,-0.027045943,0.038370594,17,37,-23,-24,50
3,1693677770481516900,-0.116118781,2.41694665,10.22084713,0.054225113,-0.027045943,0.038237367,20,36,-24,-22,52
4,1693677770482516900,-0.118512981,2.41574955,10.22683239,0.054358348,-0.02691271,0.038104136,14,35,-32,-28,50
0,1693677770622596000,-0.114921682,2.410961151,10.22204399,0.053958651,-0.026646247,0.037837673,20,33,-28,-20,49
1,1693677770623596000,-0.118512981,2.407369852,10.22204399,0.054225113,-0.026779478,0.037837673,23,35,-26,-22,36
2,1693677770624596000,-0.120907187,2.409764051,10.22324085,0.054358348,-0.027045943,0.037704438,13,28,-24,-33,50
3,1693677770625596000,-0.123301387,2.409764051,10.22802925,0.054358348,-0.027179174,0.037837673,17,41,-24,-18,52
4,1693677770626596000,-0.122104287,2.409764051,10.22563553,0.054225113,-0.027312404,0.037970904,19,30,-23,-25,54
0,1693677770646585100,-0.117315881,2.425326347,10.23401546,0.054358348,-0.026779478,0.037970904,13,43,-29,-27,51
1,1693677770647585100,-0.122104287,2.426523447,10.23401546,0.054225113,-0.026513018,0.037704438,15,34,-30,-19,50
2,1693677770648585100,-0.122104287,2.425326347,10.23640919,0.054091886,-0.026246555,0.037704438,20,39,-22,-22,48
3,1693677770649585100,-0.118512981,2.425326347,10.23521233,0.053958651,-0.026246555,0.037837673,20,39,-24,-24,52
4,1693677770650585100,-0.116118781,2.422932148,10.22922707,0.054091886,-0.026513018,0.037837673,20,31,-24,-27,47
0,1693677770693559700,-0.108936176,2.41574955,10.20528507,0.054758042,-0.02691271,0.037704438,16,35,-24,-24,50
1,1693677770694559700,-0.105344877,2.41694665,10.20648193,0.054758042,-0.02691271,0.03757121,16,37,-23,-22,53
2,1693677770695559700,-0.105344877,2.419340849,10.20648193,0.054491576,-0.02691271,0.037704438,20,43,-19,-30,50
3,1693677770696559700,-0.106541976,2.419340849,10.21127033,0.054491576,-0.026646247,0.03757121,21,35,-23,-26,48
4,1693677770697559700,-0.104147777,2.41694665,10.21725559,0.054491576,-0.026379786,0.037437979,11,30,-24,-20,50
0,1693677770757496900,-0.120907187,2.409764051,10.21127033,0.054091886,-0.026513018,0.037837673,14,41,-25,-21,50
1,1693677770758496900,-0.119710088,2.407369852,10.21246719,0.054225113,-0.026379786,0.037704438,20,36,-28,-24,53
2,1693677770759496900,-0.120907187,2.404975653,10.21486187,0.054091886,-0.026646247,0.037704438,13,37,-18,-27,53
3,1693677770760496900,-0.119710088,2.404975653,10.21246719,0.054225113,-0.026779478,0.037704438,18,44,-24,-20,52
4,1693677770761496900,-0.116118781,2.407369852,10.21366405,0.054225113,-0.026646247,0.037704438,13,39,-28,-30,45
0,1693677770888246400,-0.116118781,2.406172752,10.20648193,0.053692192,-0.027179174,0.037704438,18,36,-23,-19,55
1,1693677770889246400,-0.117315881,2.406172752,10.21366405,0.053692192,-0.02691271,0.037704438,20,33,-25,-20,64
2,1693677770890246400,-0.116118781,2.404975653,10.21605873,0.053958651,-0.02691271,0.037704438,13,33,-24,-28,53
3,1693677770891246400,-0.117315881,2.402581453,10.21366405,0.053958651,-0.02691271,0.037970904,13,33,-29,-26,50
4,1693677770892246400,-0.116118781,2.406172752,10.21725559,0.053958651,-0.02691271,0.037837673,18,32,-24,-23,54
0,1693677770912486500,-0.111330383,2.41455245,10.21965027,0.054491576,-0.026513018,0.037837673,17,37,-24,-26,53
1,1693677770913486500,-0.110133275,2.41455245,10.21366405,0.054624807,-0.026513018,0.037970904,21,39,-20,-30,48
2,1693677770914486500,-0.114921682,2.410961151,10.21366405,0.054358348,-0.026513018,0.037970904,13,35,-28,-30,51
3,1693677770915486500,-0.117315881,2.408566952,10.21127033,0.054225113,-0.026513018,0.037837673,13,61,-20,-21,54
4,1693677770916486500,-0.117315881,2.410961151,10.21605873,0.054491576,-0.026646247,0.037970904,20,37,-24,-23,52
0,1693677770959511200,-0.118512981,2.410961151,10.21965027,0.054091886,-0.026779478,0.037837673,14,31,-24,-22,44
1,1693677770960511200,-0.118512981,2.41455245,10.21366405,0.054091886,-0.026779478,0.037837673,15,44,-25,-19,53
2,1693677770961511200,-0.117315881,2.41455245,10.21366405,0.054091886,-0.026779478,0.037704438,17,30,-22,-26,52
3,1693677770962511200,-0.116118781,2.41574955,10.21366405,0.053958651,-0.026646247,0.037837673,18,35,-24,-28,46
4,1693677770963511200,-0.117315881,2.418143749,10.21605873,0.053958651,-0.026646247,0.037704438,19,43,-24,-15,53
0,1693677771023564100,-0.122104287,2.404975653,10.21605873,0.05249311,-0.02571363,0.038237367,20,44,-22,-26,50
1,1693677771024564100,-0.118512981,2.410961151,10.22084713,0.053825419,-0.026379786,0.037970904,16,34,-24,-30,44
2,1693677771025564100,-0.118512981,2.419340849,10.21965027,0.054491576,-0.027045943,0.037837673,20,39,-27,-23,47
3,1693677771026564100,-0.114921682,2.420537949,10.21246719,0.054758042,-0.027312404,0.037704438,20,30,-29,-28,52
4,1693677771027564100,-0.116118781,2.41694665,10.20648193,0.054758042,-0.027445635,0.03757121,15,41,-24,-20,60
0,1693677771131023000,-0.120907187,2.41335535,10.21605873,0.056889739,-0.029977029,0.038637057,19,37,-23,-24,49
1,1693677771132023000,-0.114921682,2.41574955,10.23281765,0.05768913,-0.030776417,0.038770292,17,33,-21,-28,52
2,1693677771133023000,-0.110133275,2.420537949,10.24359226,0.056756508,-0.030376723,0.038903523,17,44,-24,-23,54
3,1693677771134023000,-0.106541976,2.427720547,10.23640919,0.055157732,-0.02917764,0.038503829,20,33,-20,-21,54
4,1693677771135023000,-0.10295067,2.427720547,10.22204399,0.054491576,-0.027179174,0.03757121,17,40,-19,-22,54
0,1693677771173969200,-0.119710088,2.382230759,10.21246719,0.053026035,-0.024647778,0.037437979,13,43,-47,-19,49
1,1693677771174969200,-0.118512981,2.385822058,10.21246719,0.054358348,-0.027312404,0.038237367,20,30,-23,-19,46
2,1693677771175969200,-0.119710088,2.389413357,10.21605873,0.055557426,-0.029843798,0.039036751,20,36,-23,-27,50
3,1693677771176969200,-0.117315881,2.400187254,10.22084713,0.056490045,-0.031442571,0.039436448,20,37,-20,-20,55
4,1693677771177969200,-0.113724582,2.408566952,10.22683239,0.057022974,-0.031975497,0.039436448,14,34,-21,-26,49
0,1693677771243850200,-0.120907187,2.412158251,10.20767879,0.052626338,-0.023448698,0.036771823,20,39,-23,-24,51
1,1693677771244850200,-0.117315881,2.408566952,10.20408726,0.0528928,-0.023715161,0.036638591,18,37,-21,-24,54
2,1693677771245850200,-0.117315881,2.408566952,10.20049667,0.053292494,-0.024781011,0.036905054,13,40,-23,-18,52
3,1693677771246850200,-0.116118781,2.407369852,10.20408726,0.054091886,-0.025846859,0.037437979,19,41,-21,-24,53
4,1693677771247850200,-0.117315881,2.407369852,10.2028904,0.054624807,-0.027179174,0.037704438,20,31,-23,-23,46
0,1693677771303417200,-0.107739076,2.410961151,10.21246719,0.054091886,-0.026246555,0.03757121,19,39,-22,-23,46
1,1693677771304417200,-0.107739076,2.410961151,10.21486187,0.054091886,-0.025846859,0.037437979,15,40,-17,-19,55
2,1693677771305417200,-0.108936176,2.410961151,10.22204399,0.054091886,-0.025846859,0.03757121,20,45,-21,-23,54
3,1693677771306417200,-0.111330383,2.408566952,10.21965027,0.054225113,-0.025846859,0.03757121,17,32,-24,-19,49
4,1693677771307417200,-0.108936176,2.409764051,10.21965027,0.054225113,-0.026113322,0.037704438,17,37,-29,-30,46
0,1693677771396098200,-0.111330383,2.41455245,10.21965027,0.054225113,-0.026379786,0.037837673,15,43,-24,-23,53
1,1693677771397098200,-0.111330383,2.41574955,10.21605873,0.053958651,-0.026379786,0.037837673,15,43,-19,-24,53
2,1693677771398098200,-0.111330383,2.41694665,10.21246719,0.053958651,-0.026246555,0.037837673,15,36,-22,-23,48
3,1693677771399098200,-0.112527482,2.41574955,10.21486187,0.054091886,-0.026113322,0.037837673,17,40,-20,-23,50
4,1693677771400098200,-0.111330383,2.412158251,10.22084713,0.054225113,-0.026246555,0.037837673,17,39,-21,-25,49
0,1693677771434014000,-0.113724582,2.409764051,10.22922707,0.054358348,-0.026113322,0.037304748,19,41,-23,-31,55
1,1693677771435014000,-0.114921682,2.410961151,10.22443867,0.054358348,-0.026113322,0.037304748,19,35,-25,-23,52
2,1693677771436014000,-0.117315881,2.407369852,10.22204399,0.054358348,-0.026113322,0.037304748,20,37,-23,-24,51
3,1693677771437014000,-0.117315881,2.406172752,10.22563553,0.054358348,-0.026113322,0.037304748,18,30,-31,-29,50
4,1693677771438014000,-0.114921682,2.406172752,10.22563553,0.054358348,-0.026513018,0.037437979,18,34,-23,-27,51
0,1693677771515029300,-0.118512981,2.406172752,10.22084713,0.054491576,-0.026513018,0.037970904,17,41,-23,-22,52
1,1693677771516029300,-0.114921682,2.408566952,10.21845245,0.054624807,-0.026513018,0.037970904,20,35,-23,-24,49
2,1693677771517029300,-0.111330383,2.409764051,10.21725559,0.054358348,-0.026513018,0.037970904,20,33,-23,-22,50
3,1693677771518029300,-0.112527482,2.406172752,10.21246719,0.054358348,-0.026513018,0.037837673,21,39,-32,-21,51
4,1693677771519029300,-0.112527482,2.406172752,10.21845245,0.054091886,-0.026379786,0.037970904,9,32,-21,-31,54
0,1693677771582051500,-0.119710088,2.409764051,10.22324085,0.053958651,-0.026779478,0.037304748,11,37,-23,-24,54
1,1693677771583051500,-0.117315881,2.41335535,10.22922707,0.053958651,-0.02691271,0.037437979,18,44,-27,-23,45
2,1693677771584051500,-0.116118781,2.410961151,10.22922707,0.053825419,-0.027045943,0.037304748,14,37,-20,-26,45
3,1693677771585051500,-0.117315881,2.408566952,10.22563553,0.053825419,-0.027045943,0.037304748,17,43,-24,-18,54
4,1693677771586051500,-0.120907187,2.408566952,10.22204399,0.053825419,-0.02691271,0.037437979,13,38,-28,-27,50
0,1693677771643058100,-0.118512981,2.408566952,10.21007347,0.054758042,-0.026646247,0.037970904,17,44,-24,-23,53
1,1693677771644058100,-0.122104287,2.409764051,10.21366405,0.054758042,-0.026646247,0.038104136,19,33,-23,-28,53
2,1693677771645058100,-0.119710088,2.410961151,10.21007347,0.054758042,-0.026379786,0.037970904,15,46,-21,-20,54
3,1693677771646058100,-0.118512981,2.409764051,10.21486187,0.054624807,-0.026379786,0.037970904,15,33,-21,-24,52
4,1693677771647058100,-0.119710088,2.409764051,10.21725559,0.054624807,-0.026246555,0.037837673,27,42,-23,-17,49
0,1693677771706071400,-0.120907187,2.41694665,10.20887566,0.054358348,-0.027578866,0.037837673,21,44,-34,-20,56
1,1693677771707071400,-0.122104287,2.41574955,10.20648193,0.054358348,-0.027445635,0.037704438,18,31,-24,-23,52
2,1693677771708071400,-0.124498487,2.412158251,10.20767879,0.054358348,-0.027179174,0.037704438,19,43,-28,-20,53
3,1693677771709071400,-0.120907187,2.410961151,10.21127033,0.054225113,-0.027045943,0.037704438,20,45,-21,-18,55
4,1693677771710071400,-0.120907187,2.410961151,10.21246719,0.054358348,-0.026779478,0.037704438,16,39,-27,-24,53
0,1693677771792493700,-0.116118781,2.410961151,10.22324085,0.054358348,-0.027712099,0.037704438,14,36,-23,-22,49
1,1693677771793493700,-0.113724582,2.41455245,10.22563553,0.054491576,-0.02797856,0.037837673,21,39,-21,-20,52
2,1693677771794493700,-0.114921682,2.41455245,10.22802925,0.054758042,-0.028378254,0.037837673,19,45,-17,-23,49
3,1693677771795493700,-0.113724582,2.41574955,10.22563553,0.054758042,-0.028111791,0.037970904,15,41,-28,-19,48
4,1693677771796493700,-0.113724582,2.418143749,10.22084713,0.054624807,-0.02797856,0.037704438,18,37,-19,-18,48
0,1693677771849320000,-0.122104287,2.41574955,10.21486187,0.054358348,-0.026646247,0.037704438,15,40,-21,-19,52
1,1693677771850320000,-0.118512981,2.41455245,10.21845245,0.054358348,-0.02691271,0.037970904,17,39,-27,-21,54
2,1693677771851320000,-0.117315881,2.41455245,10.22084713,0.054491576,-0.02691271,0.037970904,21,43,-22,-19,54
3,1693677771852320000,-0.116118781,2.41455245,10.21965027,0.054624807,-0.02691271,0.038104136,20,40,-16,-20,54
4,1693677771853320000,-0.117315881,2.41455245,10.22204399,0.054491576,-0.027045943,0.038104136,7,45,-21,-24,52
0,1693677771944133100,-0.112527482,2.409764051,10.23042393,0.054624807,-0.026779478,0.037970904,20,41,-20,-22,50
1,1693677771945133100,-0.110133275,2.412158251,10.22922707,0.054491576,-0.026779478,0.037970904,13,32,-24,-24,50
2,1693677771946133100,-0.111330383,2.41694665,10.23281765,0.054358348,-0.026779478,0.037704438,13,39,-23,-20,54
3,1693677771947133100,-0.110133275,2.418143749,10.22922707,0.054091886,-0.026646247,0.037437979,9,41,-24,-21,52
4,1693677771948133100,-0.108936176,2.41574955,10.22683239,0.054225113,-0.026513018,0.037704438,14,37,-28,-31,52
0,1693677771991463800,-0.110133275,2.41694665,10.21725559,0.054491576,-0.02691271,0.037437979,26,40,-22,-22,48
1,1693677771992463800,-0.106541976,2.412158251,10.21965027,0.054491576,-0.026779478,0.037437979,15,37,-20,-24,55
2,1693677771993463800,-0.108936176,2.410961151,10.21725559,0.054491576,-0.026646247,0.037437979,18,39,-23,-22,33
3,1693677771994463800,-0.111330383,2.410961151,10.21725559,0.054491576,-0.026779478,0.03757121,16,41,-32,-27,51
4,1693677771995463800,-0.112527482,2.408566952,10.21725559,0.054624807,-0.02691271,0.03757121,17,35,-23,-27,49
0,1693677772058204000,-0.125695586,2.410961151,10.21605873,0.054624807,-0.026513018,0.03757121,20,40,-23,-19,50
1,1693677772059204000,-0.126892686,2.410961151,10.21605873,0.054758042,-0.026779478,0.037437979,17,37,-19,-22,53
2,1693677772060204000,-0.124498487,2.409764051,10.22084713,0.054624807,-0.02691271,0.037304748,17,31,-24,-30,55
3,1693677772061204000,-0.125695586,2.410961151,10.21845245,0.054491576,-0.026646247,0.037304748,20,33,-23,-24,49
4,1693677772062204000,-0.124498487,2.408566952,10.22324085,0.054358348,-0.026646247,0.03757121,13,46,-23,-17,56
0,1693677772119301400,-0.120907187,2.407369852,10.23042393,0.054358348,-0.02691271,0.037704438,20,44,-24,-18,55
1,1693677772120301400,-0.123301387,2.406172752,10.23281765,0.054624807,-0.027045943,0.037704438,20,46,-27,-18,55
2,1693677772121301400,-0.123301387,2.408566952,10.23162079,0.054491576,-0.027045943,0.037837673,20,35,-22,-20,50
3,1693677772122301400,-0.119710088,2.406172752,10.23281765,0.054358348,-0.027045943,0.037704438,11,31,-24,-21,48
4,1693677772123301400,-0.123301387,2.408566952,10.23640919,0.054358348,-0.02691271,0.037837673,15,34,-23,-22,51
0,1693677772237450800,-0.119710088,2.408566952,10.21127033,0.054091886,-0.027045943,0.037837673,17,41,-24,-14,55
1,1693677772238450800,-0.118512981,2.410961151,10.21127033,0.054225113,-0.02691271,0.037837673,20,41,-27,-24,54
2,1693677772239450800,-0.118512981,2.412158251,10.21486187,0.054225113,-0.02691271,0.037837673,13,30,-21,-30,51
3,1693677772240450800,-0.118512981,2.412158251,10.21486187,0.054225113,-0.027045943,0.037837673,16,42,-21,-23,53
4,1693677772241450800,-0.118512981,2.41335535,10.22084713,0.054225113,-0.02691271,0.038104136,16,35,-25,-28,53
0,1693677772275426000,-0.112527482,2.410961151,10.21965027,0.054624807,-0.027045943,0.037704438,20,40,-23,-22,54
1,1693677772276426000,-0.111330383,2.408566952,10.22084713,0.05489127,-0.02691271,0.037704438,6,35,-21,-26,45
2,1693677772277426000,-0.113724582,2.408566952,10.22204399,0.055024505,-0.02691271,0.037704438,10,35,-19,-20,45
3,1693677772278426000,-0.114921682,2.410961151,10.22443867,0.05489127,-0.027045943,0.037704438,14,33,-28,-18,53
4,1693677772279426000,-0.114921682,2.409764051,10.22443867,0.05489127,-0.02691271,0.037704438,20,41,-21,-18,53
0,1693677772350382900,-0.119710088,2.41694665,10.21246719,0.054358348,-0.027045943,0.037437979,20,39,-17,-20,53
1,1693677772351382900,-0.124498487,2.418143749,10.21007347,0.054091886,-0.027179174,0.03757121,15,24,-29,-18,48
2,1693677772352382900,-0.124498487,2.41694665,10.20887566,0.054091886,-0.027179174,0.03757121,19,43,-16,-22,55
3,1693677772353382900,-0.119710088,2.41694665,10.20648193,0.054091886,-0.027445635,0.03757121,20,41,-17,-28,55
4,1693677772354382900,-0.117315881,2.41694665,10.21007347,0.053958651,-0.027578866,0.037437979,20,41,-13,-19,52
0,1693677772436484300,-0.113724582,2.41694665,10.22084713,0.054091886,-0.027179174,0.03757121,20,40,-18,-26,53
1,1693677772437484300,-0.113724582,2.41455245,10.21366405,0.054091886,-0.027045943,0.037704438,17,37,-22,-25,49
2,1693677772438484300,-0.114921682,2.41455245,10.21965027,0.054091886,-0.026779478,0.038104136,15,39,-21,-22,52
3,1693677772439484300,-0.113724582,2.41335535,10.21965027,0.054225113,-0.026646247,0.037970904,19,42,-25,-20,55
4,1693677772440484300,-0.114921682,2.41335535,10.21965027,0.054225113,-0.02691271,0.037970904,19,45,-23,-21,52
0,1693677772489453700,-0.111330383,2.420537949,10.22204399,0.05489127,-0.027312404,0.037970904,9,36,-24,-22,55
1,1693677772490453700,-0.108936176,2.419340849,10.22204399,0.055024505,-0.027179174,0.037970904,5,33,-21,-26,55
2,1693677772491453700,-0.110133275,2.421735048,10.22324085,0.05489127,-0.02691271,0.037970904,17,41,-21,-19,52
3,1693677772492453700,-0.110133275,2.420537949,10.22084713,0.054758042,-0.026779478,0.037837673,17,43,-22,-18,55
4,1693677772493453700,-0.108936176,2.419340849,10.22324085,0.054491576,-0.026513018,0.037837673,16,39,-23,-19,52
0,1693677772536605900,-0.112527482,2.41455245,10.21246719,0.054225113,-0.026779478,0.038370594,19,36,-23,-26,32
1,1693677772537605900,-0.111330383,2.41455245,10.21486187,0.054358348,-0.027045943,0.038370594,20,31,-28,-16,54
2,1693677772538605900,-0.111330383,2.41335535,10.21725559,0.054491576,-0.027045943,0.038370594,15,41,-19,-18,56
3,1693677772539605900,-0.111330383,2.41335535,10.21486187,0.054491576,-0.027045943,0.038370594,21,42,-25,-18,49
4,1693677772540605900,-0.112527482,2.41574955,10.21007347,0.054491576,-0.027045943,0.037970904,15,44,-23,-22,54
0,1693677772596311000,-0.106541976,2.41455245,10.22324085,0.054358348,-0.026779478,0.038104136,7,41,-22,-15,52
1,1693677772597311000,-0.10295067,2.41694665,10.22204399,0.054225113,-0.02691271,0.038237367,20,40,-19,-21,55
2,1693677772598311000,-0.105344877,2.418143749,10.22324085,0.054091886,-0.027045943,0.038104136,20,46,-21,-22,54
3,1693677772599311000,-0.106541976,2.418143749,10.22563553,0.054091886,-0.027312404,0.037837673,17,39,-21,-19,55
4,1693677772600311000,-0.107739076,2.41455245,10.22922707,0.054225113,-0.027312404,0.037837673,21,40,-30,-18,52
0,1693677772674507700,-0.112527482,2.41694665,10.22683239,0.054225113,-0.026646247,0.037437979,10,46,-25,-22,53
1,1693677772675507700,-0.111330383,2.41694665,10.22324085,0.054091886,-0.026646247,0.037437979,18,41,-28,-22,55
2,1693677772676507700,-0.111330383,2.418143749,10.22204399,0.053958651,-0.026513018,0.037304748,19,45,-25,-24,51
3,1693677772677507700,-0.111330383,2.418143749,10.21845245,0.053958651,-0.026513018,0.037437979,20,43,-22,-32,48
4,1693677772678507700,-0.110133275,2.418143749,10.21366405,0.053958651,-0.026513018,0.037304748,15,32,-23,-27,50
0,1693677772740523700,-0.107739076,2.409764051,10.22443867,0.054624807,-0.027045943,0.03757121,20,37,-23,-20,51
1,1693677772741523700,-0.107739076,2.408566952,10.22563553,0.054624807,-0.027045943,0.037837673,20,43,-23,-17,55
2,1693677772742523700,-0.106541976,2.407369852,10.21845245,0.054624807,-0.027179174,0.037837673,19,42,-22,-17,54
3,1693677772743523700,-0.107739076,2.407369852,10.21725559,0.054358348,-0.02691271,0.037970904,20,36,-27,-28,55
4,1693677772744523700,-0.107739076,2.408566952,10.21605873,0.054358348,-0.02691271,0.037970904,19,35,-21,-26,50
0,1693677772825034900,-0.113724582,2.419340849,10.21007347,0.054491576,-0.02691271,0.037437979,23,41,-19,-22,55
1,1693677772826034900,-0.114921682,2.41694665,10.21366405,0.054491576,-0.027045943,0.03757121,19,41,-25,-24,54
2,1693677772827034900,-0.114921682,2.41455245,10.20887566,0.054491576,-0.026779478,0.037704438,10,33,-24,-31,49
3,1693677772828034900,-0.116118781,2.41455245,10.20528507,0.054358348,-0.026779478,0.037837673,5,39,-27,-25,49
4,1693677772829034900,-0.116118781,2.41694665,10.2028904,0.054358348,-0.026779478,0.037837673,20,37,-22,-22,55
0,1693677772882558900,-0.113724582,2.41574955,10.21965027,0.054225113,-0.02691271,0.037837673,19,43,-19,-18,55
1,1693677772883558900,-0.113724582,2.41694665,10.21725559,0.054225113,-0.026646247,0.037837673,14,33,-20,-24,52
2,1693677772884558900,-0.110133275,2.419340849,10.21965027,0.054091886,-0.026513018,0.037837673,13,32,-29,-23,45
3,1693677772885558900,-0.111330383,2.41694665,10.21845245,0.054091886,-0.026513018,0.037837673,16,37,-28,-26,49
4,1693677772886558900,-0.111330383,2.410961151,10.22084713,0.054358348,-0.026513018,0.037704438,17,33,-28,-22,50
0,1693677772945665500,-0.113724582,2.407369852,10.21725559,0.054491576,-0.027045943,0.037837673,15,41,-19,-20,54
1,1693677772946665500,-0.114921682,2.412158251,10.22204399,0.054491576,-0.02691271,0.037970904,18,36,-21,-23,55
2,1693677772947665500,-0.111330383,2.412158251,10.22084713,0.054491576,-0.027045943,0.037837673,19,33,-32,-32,54
3,1693677772948665500,-0.111330383,2.408566952,10.21725559,0.054491576,-0.027045943,0.037837673,18,33,-24,-19,54
4,1693677772949665500,-0.110133275,2.410961151,10.21605873,0.054358348,-0.02691271,0.037704438,19,42,-19,-20,54
0,1693677773003357000,-0.114921682,2.419340849,10.21366405,0.054091886,-0.027445635,0.037970904,10,31,-20,-23,52
1,1693677773004357000,-0.111330383,2.420537949,10.21007347,0.053958651,-0.027179174,0.038104136,13,36,-25,-24,48
2,1693677773005357000,-0.110133275,2.419340849,10.20887566,0.053958651,-0.027179174,0.037970904,20,35,-19,-28,52
3,1693677773006357000,-0.110133275,2.422932148,10.20887566,0.053825419,-0.027045943,0.037970904,20,40,-28,-24,55
4,1693677773007357000,-0.111330383,2.421735048,10.21486187,0.053825419,-0.027179174,0.037837673,18,47,-19,-17,55
0,1693677773085325500,-0.10295067,2.41335535,10.20408726,0.05489127,-0.027578866,0.038237367,20,30,-28,-20,55
1,1693677773086325500,-0.105344877,2.41455245,10.20767879,0.055024505,-0.027445635,0.038237367,15,33,-28,-23,53
2,1693677773087325500,-0.10295067,2.41335535,10.20648193,0.055024505,-0.027578866,0.038237367,19,41,-20,-21,53
3,1693677773088325500,-0.10295067,2.412158251,10.20887566,0.054758042,-0.027445635,0.038237367,20,35,-18,-19,55
4,1693677773089325500,-0.104147777,2.410961151,10.21246719,0.054624807,-0.027445635,0.038370594,18,41,-23,-23,53
0,1693677773148299200,-0.10175357,2.412158251,10.21366405,0.054358348,-0.026246555,0.038104136,13,36,-28,-28,48
1,1693677773149299200,-0.10295067,2.41335535,10.21605873,0.054358348,-0.026246555,0.038104136,15,37,-21,-21,55
2,1693677773150299200,-0.10295067,2.41335535,10.22204399,0.054491576,-0.026646247,0.038104136,20,46,-24,-19,55
3,1693677773151299200,-0.098162271,2.41455245,10.22324085,0.054491576,-0.027045943,0.038370594,18,36,-19,-20,56
4,1693677773152299200,-0.10295067,2.41574955,10.22443867,0.054358348,-0.027312404,0.038237367,15,44,-31,-22,50
0,1693677773234021300,-0.099359371,2.41335535,10.21965027,0.054225113,-0.026779478,0.037704438,11,35,-21,-22,50
1,1693677773235021300,-0.095768064,2.41574955,10.21725559,0.054358348,-0.026646247,0.037437979,20,40,-19,-24,55
2,1693677773236021300,-0.095768064,2.41694665,10.21486187,0.054358348,-0.026646247,0.037437979,20,35,-23,-24,52
3,1693677773237021300,-0.095768064,2.41694665,10.21127033,0.054358348,-0.026646247,0.03757121,19,39,-19,-26,55
4,1693677773238021300,-0.095768064,2.419340849,10.21605873,0.054491576,-0.026779478,0.03757121,17,33,-29,-20,55
0,1693677773318484900,-0.107739076,2.408566952,10.22563553,0.054091886,-0.027045943,0.037704438,13,31,-29,-26,49
1,1693677773319484900,-0.106541976,2.410961151,10.22563553,0.054225113,-0.026779478,0.03757121,16,33,-26,-16,52
2,1693677773320484900,-0.106541976,2.41455245,10.22802925,0.054091886,-0.026646247,0.037437979,10,44,-29,-22,55
3,1693677773321484900,-0.108936176,2.418143749,10.22802925,0.054091886,-0.026513018,0.037437979,15,39,-19,-20,48
4,1693677773322484900,-0.111330383,2.419340849,10.22802925,0.053958651,-0.026646247,0.03757121,20,33,-19,-28,49
0,1693677773364319000,-0.104147777,2.41335535,10.22922707,0.054091886,-0.026779478,0.037704438,20,41,-21,-26,52
1,1693677773365319000,-0.108936176,2.41455245,10.23281765,0.053958651,-0.026646247,0.037704438,17,41,-23,-20,54
2,1693677773366319000,-0.110133275,2.41335535,10.23162079,0.053958651,-0.026246555,0.03757121,14,36,-27,-27,58
3,1693677773367319000,-0.110133275,2.41455245,10.23401546,0.053825419,-0.026246555,0.037704438,10,37,-22,-19,53
4,1693677773368319000,-0.108936176,2.41694665,10.23401546,0.053825419,-0.026379786,0.037704438,14,35,-21,-24,49
0,1693677773425581400,-0.107739076,2.409764051,10.22324085,0.054491576,-0.027045943,0.037970904,18,43,-19,-18,53
1,1693677773426581400,-0.106541976,2.412158251,10.22324085,0.054491576,-0.027045943,0.037970904,13,45,-28,-22,55
2,1693677773427581400,-0.105344877,2.41455245,10.22563553,0.054491576,-0.026779478,0.037970904,20,45,-25,-24,53
3,1693677773428581400,-0.104147777,2.419340849,10.22443867,0.054358348,-0.026779478,0.037837673,20,44,-20,-25,50
4,1693677773429581400,-0.10055647,2.418143749,10.22324085,0.054358348,-0.026513018,0.037970904,15,36,-30,-16,50
0,1693677773488252000,-0.117315881,2.409764051,10.21366405,0.055024505,-0.027445635,0.038503829,20,40,-21,-19,62
1,1693677773489252000,-0.119710088,2.412158251,10.21845245,0.055024505,-0.027712099,0.038503829,19,37,-23,-23,62
2,1693677773490252000,-0.119710088,2.41455245,10.22563553,0.055024505,-0.027578866,0.038370594,20,37,-28,-22,55
3,1693677773491252000,-0.120907187,2.41335535,10.22563553,0.054758042,-0.027445635,0.038370594,20,41,-28,-24,49
4,1693677773492252000,-0.118512981,2.41574955,10.22922707,0.054491576,-0.027445635,0.038237367,21,41,-25,-33,50
0,1693677773571994300,-0.118512981,2.410961151,10.21845245,0.054225113,-0.026246555,0.037970904,21,37,-21,-26,53
1,1693677773572994300,-0.113724582,2.410961151,10.22084713,0.054091886,-0.026513018,0.037837673,20,35,-15,-24,81
2,1693677773573994300,-0.116118781,2.409764051,10.21725559,0.054225113,-0.026779478,0.037970904,17,31,-28,-22,52
3,1693677773574994300,-0.117315881,2.412158251,10.21845245,0.054491576,-0.02691271,0.037837673,20,39,-24,-22,51
4,1693677773575994300,-0.119710088,2.41574955,10.21965027,0.054358348,-0.026779478,0.037837673,20,43,-19,-24,48
0,1693677773629291200,-0.111330383,2.418143749,10.21486187,0.054225113,-0.026513018,0.037970904,20,37,-27,-18,52
1,1693677773630291200,-0.114921682,2.41574955,10.20767879,0.054225113,-0.026513018,0.037970904,20,42,-22,-23,68
2,1693677773631291200,-0.114921682,2.41574955,10.2028904,0.054091886,-0.026646247,0.037970904,13,43,-17,-22,53
3,1693677773632291200,-0.116118781,2.418143749,10.20528507,0.054225113,-0.026513018,0.037837673,22,44,-21,-24,51
4,1693677773633291200,-0.116118781,2.41574955,10.19929886,0.054225113,-0.026646247,0.037970904,18,36,-23,-20,55
0,1693677773698895800,-0.105344877,2.41455245,10.21486187,0.054491576,-0.026779478,0.03757121,18,35,-27,-24,48
1,1693677773699895800,-0.107739076,2.41574955,10.21605873,0.054624807,-0.026779478,0.03757121,15,33,-29,-24,54
2,1693677773700895800,-0.110133275,2.418143749,10.21725559,0.054358348,-0.026513018,0.037437979,17,31,-23,-18,50
3,1693677773701895800,-0.108936176,2.418143749,10.21605873,0.054091886,-0.026246555,0.03757121,20,46,-25,-22,54
4,1693677773702895800,-0.111330383,2.41574955,10.21246719,0.054091886,-0.026246555,0.037704438,19,43,-19,-18,56
0,1693677773761561400,-0.113724582,2.410961151,10.20767879,0.054225113,-0.026379786,0.038104136,17,39,-24,-21,51
1,1693677773762561400,-0.112527482,2.410961151,10.21246719,0.053958651,-0.026646247,0.038104136,10,31,-25,-22,53
2,1693677773763561400,-0.113724582,2.410961151,10.21965027,0.053958651,-0.026646247,0.038237367,20,44,-17,-23,49
3,1693677773764561400,-0.113724582,2.410961151,10.22204399,0.053958651,-0.026646247,0.038237367,20,35,-22,-25,51
4,1693677773765561400,-0.116118781,2.410961151,10.22204399,0.054091886,-0.026646247,0.038237367,20,44,-21,-22,52
0,1693677773847627800,-0.104147777,2.41574955,10.21725559,0.053958651,-0.026513018,0.037704438,11,36,-23,-26,44
1,1693677773848627800,-0.105344877,2.41574955,10.21366405,0.053825419,-0.025980091,0.037704438,15,41,-21,-18,52
2,1693677773849627800,-0.104147777,2.412158251,10.20887566,0.053825419,-0.02571363,0.037704438,20,43,-20,-21,55
3,1693677773850627800,-0.104147777,2.412158251,10.21007347,0.053825419,-0.025580399,0.037704438,19,41,-17,-18,54
4,1693677773851627800,-0.106541976,2.41574955,10.21127033,0.053958651,-0.02571363,0.03757121,18,36,-18,-24,54
0,1693677773903174500,-0.106541976,2.418143749,10.21605873,0.053958651,-0.02691271,0.037970904,20,39,-23,-18,51
1,1693677773904174500,-0.106541976,2.419340849,10.21725559,0.054091886,-0.02691271,0.037970904,17,44,-19,-20,52
2,1693677773905174500,-0.106541976,2.418143749,10.22204399,0.053958651,-0.026646247,0.037837673,17,43,-20,-22,53
3,1693677773906174500,-0.108936176,2.41694665,10.22204399,0.053825419,-0.026246555,0.037837673,21,32,-23,-22,55
4,1693677773907174500,-0.112527482,2.41455245,10.22563553,0.053692192,-0.025846859,0.037704438,20,37,-24,-26,54
0,1693677773964511200,-0.112527482,2.41455245,10.22324085,0.053825419,-0.02691271,0.037704438,18,35,-20,-18,53
1,1693677773965511200,-0.110133275,2.41574955,10.22084713,0.053825419,-0.027045943,0.03757121,20,39,-21,-23,56
2,1693677773966511200,-0.110133275,2.418143749,10.22563553,0.053825419,-0.027312404,0.03757121,17,41,-31,-22,56
3,1693677773967511200,-0.108936176,2.418143749,10.22443867,0.053825419,-0.027179174,0.037704438,20,37,-19,-20,54
4,1693677773968511200,-0.110133275,2.420537949,10.22084713,0.053825419,-0.027312404,0.037704438,20,40,-24,-20,51
0,1693677774051182500,-0.112527482,2.41574955,10.22563553,0.053958651,-0.026246555,0.037704438,19,39,-21,-22,53
1,1693677774052182500,-0.113724582,2.41574955,10.22802925,0.053825419,-0.026379786,0.037704438,29,44,-24,-15,54
2,1693677774053182500,-0.116118781,2.41694665,10.22683239,0.053958651,-0.026513018,0.037437979,14,45,-21,-18,55
3,1693677774054182500,-0.116118781,2.41694665,10.22683239,0.054091886,-0.026513018,0.037437979,20,33,-23,-26,53
4,1693677774055182500,-0.114921682,2.41694665,10.22922707,0.054225113,-0.026513018,0.037704438,18,43,-21,-27,50
0,1693677774109162100,-0.108936176,2.41455245,10.23281765,0.054091886,-0.026246555,0.037437979,20,38,-23,-28,54
1,1693677774110162100,-0.107739076,2.41335535,10.23162079,0.053958651,-0.026246555,0.037437979,20,48,-23,-21,55
2,1693677774111162100,-0.106541976,2.41335535,10.23162079,0.053692192,-0.026246555,0.037437979,25,35,-18,-25,55
3,1693677774112162100,-0.108936176,2.41335535,10.22443867,0.053692192,-0.026246555,0.037437979,11,37,-17,-26,50
4,1693677774113162100,-0.108936176,2.41455245,10.21845245,0.053692192,-0.026113322,0.037437979,20,37,-21,-26,54
0,1693677774190533600,-0.119710088,2.418143749,10.22922707,0.054225113,-0.026513018,0.03757121,20,42,-19,-22,57
1,1693677774191533600,-0.119710088,2.420537949,10.23521233,0.053958651,-0.026379786,0.03757121,21,40,-21,-32,44
2,1693677774192533600,-0.118512981,2.420537949,10.23640919,0.054091886,-0.026246555,0.03757121,18,30,-21,-23,53
3,1693677774193533600,-0.119710088,2.422932148,10.23640919,0.053958651,-0.026246555,0.037437979,12,35,-29,-23,52
4,1693677774194533600,-0.117315881,2.422932148,10.23281765,0.053958651,-0.026246555,0.03757121,20,45,-24,-17,52
0,1693677774257491800,-0.105344877,2.412158251,10.21725559,0.054225113,-0.026379786,0.037304748,18,44,-20,-16,54
1,1693677774258491800,-0.106541976,2.412158251,10.21486187,0.054358348,-0.026646247,0.037437979,20,37,-21,-26,50
2,1693677774259491800,-0.105344877,2.410961151,10.21486187,0.054358348,-0.026646247,0.03757121,11,33,-23,-30,54
3,1693677774260491800,-0.106541976,2.406172752,10.21007347,0.054225113,-0.026779478,0.03757121,18,44,-23,-27,54
4,1693677774261491800,-0.105344877,2.406172752,10.21486187,0.054358348,-0.02691271,0.03757121,18,34,-19,-24,53
0,1693677774312520800,-0.108936176,2.41574955,10.23401546,0.054358348,-0.027045943,0.037970904,20,35,-21,-20,54
1,1693677774313520800,-0.106541976,2.418143749,10.23401546,0.054225113,-0.026779478,0.038104136,20,39,-20,-24,54
2,1693677774314520800,-0.106541976,2.418143749,10.23162079,0.054091886,-0.02691271,0.038104136,10,33,-21,-26,53
3,1693677774315520800,-0.105344877,2.419340849,10.23640919,0.054091886,-0.026646247,0.038104136,14,43,-23,-17,55
4,1693677774316520800,-0.108936176,2.420537949,10.23760605,0.054091886,-0.026513018,0.037837673,19,32,-17,-24,51
0,1693677774376047600,-0.105344877,2.410961151,10.22324085,0.053958651,-0.026513018,0.037970904,20,43,-23,-19,53
1,1693677774377047600,-0.107739076,2.410961151,10.22204399,0.054091886,-0.026646247,0.037970904,11,36,-21,-31,44
2,1693677774378047600,-0.107739076,2.408566952,10.22204399,0.053958651,-0.02691271,0.038104136,17,35,-24,-19,53
3,1693677774379047600,-0.107739076,2.407369852,10.21605873,0.053958651,-0.026779478,0.037970904,20,44,-30,-23,49
4,1693677774380047600,-0.106541976,2.406172752,10.21486187,0.054225113,-0.026646247,0.037837673,19,39,-20,-15,54
0,1693677774454001600,-0.110133275,2.408566952,10.22324085,0.053958651,-0.026379786,0.037837673,19,39,-21,-19,53
1,1693677774455001600,-0.111330383,2.410961151,10.22204399,0.053958651,-0.026513018,0.037704438,20,32,-20,-24,48
2,1693677774456001600,-0.112527482,2.410961151,10.21845245,0.053825419,-0.026779478,0.037837673,19,36,-22,-23,55
3,1693677774457001600,-0.111330383,2.408566952,10.21725559,0.054091886,-0.026779478,0.03757121,19,33,-21,-18,55
4,1693677774458001600,-0.107739076,2.408566952,10.21725559,0.054225113,-0.026513018,0.03757121,13,43,-23,-22,48
0,1693677774514759800,-0.119710088,2.408566952,10.21605873,0.054358348,-0.026646247,0.037970904,20,39,-23,-23,52
1,1693677774515759800,-0.119710088,2.41335535,10.21605873,0.054358348,-0.02691271,0.038237367,20,45,-8,-18,55
2,1693677774516759800,-0.117315881,2.41455245,10.21845245,0.054358348,-0.02691271,0.038104136,17,43,-25,-20,54
3,1693677774517759800,-0.116118781,2.41574955,10.22204399,0.054491576,-0.02691271,0.038237367,18,36,-18,-19,55
4,1693677774518759800,-0.118512981,2.41455245,10.22084713,0.054624807,-0.02691271,0.038370594,14,41,-19,-21,55
0,1693677774637175000,-0.112527482,2.422932148,10.21845245,0.054358348,-0.026379786,0.03757121,20,40,-20,-15,53
1,1693677774638175000,-0.113724582,2.424129248,10.22084713,0.054491576,-0.026246555,0.037437979,18,31,-24,-23,54
2,1693677774639175000,-0.113724582,2.424129248,10.22204399,0.054491576,-0.026246555,0.03757121,19,39,-24,-21,55
3,1693677774640175000,-0.112527482,2.421735048,10.22084713,0.054091886,-0.026246555,0.037704438,18,44,-23,-24,55
4,1693677774641175000,-0.113724582,2.419340849,10.21605873,0.053958651,-0.026379786,0.03757121,18,40,-21,-24,50
0,1693677774674493900,-0.118512981,2.421735048,10.21845245,0.054225113,-0.026513018,0.037704438,18,41,-20,-22,53
1,1693677774675493900,-0.119710088,2.421735048,10.22084713,0.054091886,-0.026646247,0.037837673,19,38,-24,-26,53
2,1693677774676493900,-0.122104287,2.419340849,10.22324085,0.054091886,-0.02691271,0.037837673,17,36,-19,-22,52
3,1693677774677493900,-0.123301387,2.418143749,10.22563553,0.054091886,-0.026779478,0.037837673,14,41,-27,-28,52
4,1693677774678493900,-0.123301387,2.41694665,10.22084713,0.054225113,-0.026646247,0.037837673,15,43,-20,-20,53
0,1693677774719268400,-0.117315881,2.424129248,10.21007347,0.054358348,-0.026779478,0.037437979,20,39,-24,-14,53
1,1693677774720268400,-0.114921682,2.422932148,10.21366405,0.054358348,-0.026646247,0.037437979,16,45,-21,-17,55
2,1693677774721268400,-0.114921682,2.418143749,10.21366405,0.054358348,-0.02691271,0.037437979,22,37,-25,-22,37
3,1693677774722268400,-0.111330383,2.41694665,10.21246719,0.054225113,-0.026646247,0.03757121,10,36,-21,-23,52
4,1693677774723268400,-0.110133275,2.41574955,10.21007347,0.054358348,-0.026513018,0.03757121,14,39,-23,-22,49
0,1693677774838588800,-0.107739076,2.401384354,10.21845245,0.054225113,-0.026379786,0.038237367,20,33,-22,-22,53
1,1693677774839588800,-0.106541976,2.397793055,10.22324085,0.054225113,-0.026646247,0.038237367,20,44,-20,-22,52
2,1693677774840588800,-0.105344877,2.397793055,10.22563553,0.054358348,-0.026779478,0.038104136,20,44,-24,-22,54
3,1693677774841588800,-0.107739076,2.396595955,10.22563553,0.054358348,-0.02691271,0.038104136,9,33,-29,-31,48
4,1693677774842588800,-0.105344877,2.398990154,10.22683239,0.054491576,-0.027045943,0.038104136,14,36,-23,-16,50
0,1693677774869409600,-0.104147777,2.406172752,10.22683239,0.054225113,-0.026779478,0.037704438,20,35,-23,-22,55
1,1693677774870409600,-0.105344877,2.409764051,10.22084713,0.053958651,-0.026379786,0.03757121,13,42,-27,-18,55
2,1693677774871409600,-0.105344877,2.410961151,10.22204399,0.054091886,-0.026246555,0.03757121,17,35,-19,-22,52
3,1693677774872409600,-0.10295067,2.412158251,10.22324085,0.054091886,-0.026379786,0.03757121,19,35,-21,-24,51
4,1693677774873409600,-0.10055647,2.410961151,10.22563553,0.054358348,-0.026379786,0.03757121,19,35,-24,-20,53
0,1693677774925520500,-0.10175357,2.41335535,10.22683239,0.054225113,-0.026513018,0.037704438,13,39,-20,-21,55
1,1693677774926520500,-0.104147777,2.41574955,10.22802925,0.054091886,-0.026513018,0.037837673,19,47,-22,-20,52
2,1693677774927520500,-0.104147777,2.41694665,10.22563553,0.054225113,-0.026646247,0.037837673,20,30,-24,-31,50
3,1693677774928520500,-0.10175357,2.41335535,10.22683239,0.053958651,-0.026779478,0.037704438,15,36,-23,-20,55
4,1693677774929520500,-0.10295067,2.41335535,10.22443867,0.053958651,-0.026646247,0.037837673,-12,39,-24,-21,53
0,1693677774986964700,-0.105344877,2.41335535,10.21127033,0.054358348,-0.027045943,0.037970904,17,30,-25,-23,55
1,1693677774987964700,-0.106541976,2.41335535,10.20887566,0.054358348,-0.027179174,0.037970904,15,37,-28,-18,55
2,1693677774988964700,-0.108936176,2.409764051,10.20169353,0.054091886,-0.027312404,0.038104136,19,39,-19,-23,53
3,1693677774989964700,-0.105344877,2.408566952,10.20528507,0.054091886,-0.027312404,0.037970904,20,35,-21,-27,54
4,1693677774990964700,-0.105344877,2.412158251,10.21007347,0.054091886,-0.027445635,0.037837673,18,34,-20,-18,55
0,1693677775104184500,-0.114921682,2.41335535,10.22563553,0.054225113,-0.026379786,0.037704438,20,32,-25,-21,51
1,1693677775105184500,-0.113724582,2.41455245,10.22324085,0.054225113,-0.026246555,0.037704438,13,30,-23,-20,49
2,1693677775106184500,-0.114921682,2.41694665,10.22204399,0.054358348,-0.026246555,0.037837673,20,43,-21,-20,51
3,1693677775107184500,-0.114921682,2.41694665,10.21845245,0.054491576,-0.026379786,0.037837673,20,39,-13,-24,52
4,1693677775108184500,-0.116118781,2.41455245,10.22084713,0.054358348,-0.026513018,0.037704438,20,41,-16,-20,54
0,1693677775147411900,-0.113724582,2.407369852,10.22084713,0.054358348,-0.026646247,0.037304748,18,41,-23,-22,54
1,1693677775148411900,-0.113724582,2.408566952,10.22204399,0.054225113,-0.026513018,0.037304748,10,39,-23,-26,52
2,1693677775149411900,-0.108936176,2.409764051,10.22563553,0.054091886,-0.026379786,0.037304748,20,36,-23,-24,51
3,1693677775150411900,-0.108936176,2.410961151,10.22563553,0.053825419,-0.026246555,0.037304748,17,44,-24,-14,55
4,1693677775151411900,-0.110133275,2.410961151,10.22563553,0.053958651,-0.026246555,0.037304748,20,39,-21,-22,48
0,1693677775223511900,-0.117315881,2.41694665,10.21246719,0.054225113,-0.02691271,0.037837673,15,46,-21,-19,55
1,1693677775224511900,-0.114921682,2.419340849,10.21486187,0.054091886,-0.02691271,0.037704438,21,43,-19,-19,54
2,1693677775225511900,-0.112527482,2.420537949,10.21725559,0.053958651,-0.02691271,0.037704438,20,35,-18,-24,55
3,1693677775226511900,-0.112527482,2.41694665,10.22084713,0.053958651,-0.027045943,0.037837673,19,39,-20,-19,55
4,1693677775227511900,-0.111330383,2.41335535,10.22084713,0.053958651,-0.02691271,0.037704438,15,42,-31,-22,52
0,1693677775265924900,-0.099359371,2.409764051,10.23281765,0.053558957,-0.026379786,0.037970904,31,42,-20,-22,51
1,1693677775266924900,-0.099359371,2.409764051,10.22683239,0.053558957,-0.026513018,0.037970904,19,37,-23,-24,51
2,1693677775267924900,-0.10175357,2.410961151,10.22802925,0.053558957,-0.026513018,0.038104136,29,47,-12,-18,54
3,1693677775268924900,-0.10175357,2.412158251,10.22802925,0.053825419,-0.026646247,0.038104136,20,44,-19,-19,55
4,1693677775269924900,-0.096965171,2.412158251,10.22324085,0.053958651,-0.026513018,0.038104136,15,41,-24,-24,55
0,1693677775347559000,-0.110133275,2.412158251,10.22204399,0.054091886,-0.027179174,0.037837673,18,41,-20,-18,54
1,1693677775348559000,-0.107739076,2.407369852,10.22324085,0.054225113,-0.027179174,0.037837673,21,34,-23,-22,55
2,1693677775349559000,-0.107739076,2.408566952,10.22084713,0.054225113,-0.027045943,0.037837673,15,40,-29,-20,53
3,1693677775350559000,-0.104147777,2.406172752,10.22324085,0.054091886,-0.027045943,0.037837673,17,30,-21,-22,51
4,1693677775351559000,-0.10295067,2.402581453,10.22084713,0.054358348,-0.02691271,0.037970904,9,33,-25,-23,53
0,1693677775416056500,-0.099359371,2.410961151,10.21007347,0.054358348,-0.026779478,0.037704438,23,39,-20,-20,49
1,1693677775417056500,-0.099359371,2.409764051,10.21366405,0.054225113,-0.02691271,0.037704438,20,40,-19,-22,54
2,1693677775418056500,-0.10055647,2.410961151,10.22084713,0.054091886,-0.026646247,0.037704438,21,40,-20,-20,50
3,1693677775419056500,-0.10055647,2.408566952,10.22204399,0.053958651,-0.026246555,0.037704438,15,34,-23,-23,55
4,1693677775420056500,-0.10055647,2.408566952,10.22084713,0.053825419,-0.026113322,0.03757121,18,40,-20,-22,50
0,1693677775482518900,-0.108936176,2.420537949,10.21845245,0.053825419,-0.026646247,0.037837673,20,46,-20,-22,55
1,1693677775483518900,-0.108936176,2.421735048,10.21845245,0.053958651,-0.026646247,0.037837673,19,51,-17,-23,53
2,1693677775484518900,-0.106541976,2.420537949,10.22084713,0.054091886,-0.026646247,0.037837673,20,35,-25,-18,53
3,1693677775485518900,-0.10295067,2.418143749,10.21725559,0.053958651,-0.026513018,0.037837673,20,32,-20,-29,45
4,1693677775486518900,-0.104147777,2.41574955,10.21965027,0.053958651,-0.026513018,0.037970904,20,35,-27,-22,54
0,1693677775538999200,-0.108936176,2.420537949,10.22324085,0.054358348,-0.026779478,0.038370594,15,39,-21,-20,55
1,1693677775539999200,-0.108936176,2.420537949,10.22204399,0.054358348,-0.026779478,0.038237367,20,39,-15,-24,56
2,1693677775540999200,-0.110133275,2.41694665,10.22204399,0.054491576,-0.027045943,0.038370594,20,43,-24,-19,54
3,1693677775541999200,-0.116118781,2.419340849,10.21965027,0.054491576,-0.027045943,0.038237367,19,40,-25,-20,54
4,1693677775542999200,-0.118512981,2.420537949,10.21486187,0.054491576,-0.027179174,0.038237367,18,39,-24,-24,51
0,1693677775626497700,-0.114921682,2.420537949,10.20887566,0.054358348,-0.027445635,0.037970904,17,43,-21,-18,55
1,1693677775627497700,-0.114921682,2.420537949,10.21246719,0.054225113,-0.027712099,0.038104136,20,35,-25,-19,53
2,1693677775628497700,-0.113724582,2.421735048,10.21366405,0.054358348,-0.027578866,0.038104136,14,27,-19,-28,49
3,1693677775629497700,-0.116118781,2.421735048,10.21725559,0.054358348,-0.027445635,0.038237367,20,43,-27,-20,52
4,1693677775630497700,-0.116118781,2.418143749,10.21725559,0.054225113,-0.027578866,0.038370594,18,44,-22,-19,55
0,1693677775683579300,-0.107739076,2.412158251,10.22563553,0.053825419,-0.026646247,0.037837673,18,45,-19,-22,54
1,1693677775684579300,-0.110133275,2.410961151,10.22084713,0.053825419,-0.026646247,0.037704438,14,28,-27,-24,48
2,1693677775685579300,-0.110133275,2.407369852,10.21845245,0.053692192,-0.026779478,0.037704438,20,37,-21,-14,50
3,1693677775686579300,-0.110133275,2.409764051,10.21845245,0.053692192,-0.026779478,0.037704438,20,43,-22,-23,55
4,1693677775687579300,-0.111330383,2.408566952,10.21366405,0.053825419,-0.026779478,0.037837673,21,42,-24,-24,54
0,1693677775742317200,-0.110133275,2.408566952,10.22324085,0.054225113,-0.026779478,0.037304748,18,43,-16,-21,55
1,1693677775743317200,-0.113724582,2.406172752,10.22563553,0.054225113,-0.026646247,0.037171517,18,37,-25,-22,55
2,1693677775744317200,-0.111330383,2.408566952,10.22683239,0.054358348,-0.026779478,0.037171517,18,41,-23,-24,50
3,1693677775745317200,-0.112527482,2.407369852,10.22683239,0.054358348,-0.026779478,0.037171517,19,47,-21,-17,55
4,1693677775746317200,-0.111330383,2.404975653,10.22443867,0.054491576,-0.026779478,0.037437979,17,45,-16,-22,55
0,1693677775824494500,-0.111330383,2.41455245,10.23281765,0.054358348,-0.02691271,0.037970904,18,31,-28,-22,53
1,1693677775825494500,-0.108936176,2.41694665,10.23162079,0.054358348,-0.02691271,0.037837673,20,40,-23,-20,54
2,1693677775826494500,-0.110133275,2.418143749,10.22683239,0.054091886,-0.026779478,0.037837673,17,37,-21,-18,53
3,1693677775827494500,-0.111330383,2.418143749,10.22443867,0.054225113,-0.026646247,0.037837673,19,43,-19,-19,54
4,1693677775828494500,-0.114921682,2.41455245,10.22683239,0.054091886,-0.026646247,0.037970904,20,32,-23,-19,53
0,1693677775895044600,-0.106541976,2.409764051,10.22443867,0.054225113,-0.026513018,0.037704438,21,35,-24,-20,53
1,1693677775896044600,-0.106541976,2.410961151,10.22324085,0.054225113,-0.026379786,0.037704438,19,39,-17,-18,49
2,1693677775897044600,-0.108936176,2.412158251,10.22084713,0.054225113,-0.026113322,0.03757121,17,46,-9,-16,55
3,1693677775898044600,-0.107739076,2.41455245,10.21965027,0.054091886,-0.025980091,0.03757121,20,35,-25,-26,52
4,1693677775899044600,-0.113724582,2.410961151,10.21725559,0.053958651,-0.025980091,0.037704438,15,46,-21,-20,54
0,1693677775969292500,-0.124498487,2.408566952,10.21965027,0.053692192,-0.026646247,0.038637057,20,41,-27,-19,54
1,1693677775970292500,-0.122104287,2.409764051,10.22204399,0.053692192,-0.026779478,0.038637057,15,44,-21,-16,51
2,1693677775971292500,-0.122104287,2.412158251,10.22324085,0.053825419,-0.02691271,0.038503829,20,44,-23,-19,55
3,1693677775972292500,-0.120907187,2.41574955,10.22084713,0.053692192,-0.027045943,0.038370594,19,30,-29,-27,53
4,1693677775973292500,-0.118512981,2.41694665,10.22443867,0.053558957,-0.026779478,0.038237367,15,39,-27,-23,53
0,1693677776026525600,-0.106541976,2.406172752,10.21366405,0.053825419,-0.026513018,0.037704438,20,40,-23,-23,54
1,1693677776027525600,-0.107739076,2.407369852,10.21605873,0.054091886,-0.026779478,0.037837673,20,43,-20,-18,55
2,1693677776028525600,-0.107739076,2.406172752,10.21845245,0.054225113,-0.026779478,0.037970904,16,33,-23,-24,55
3,1693677776029525600,-0.110133275,2.404975653,10.21725559,0.053958651,-0.02691271,0.037970904,14,47,-18,-22,54
4,1693677776030525600,-0.108936176,2.407369852,10.22204399,0.054225113,-0.02691271,0.037970904,20,35,-23,-22,52
0,1693677776082546600,-0.105344877,2.409764051,10.22204399,0.054358348,-0.027179174,0.037837673,19,45,-18,-18,55
1,1693677776083546600,-0.110133275,2.409764051,10.21845245,0.054358348,-0.02691271,0.037837673,19,36,-20,-26,54
2,1693677776084546600,-0.112527482,2.408566952,10.21366405,0.054358348,-0.02691271,0.037970904,20,35,-22,-23,55
3,1693677776085546600,-0.113724582,2.406172752,10.21366405,0.054358348,-0.027179174,0.037970904,16,37,-27,-23,49
4,1693677776086546600,-0.114921682,2.407369852,10.21246719,0.054225113,-0.027179174,0.037837673,19,39,-24,-24,52
0,1693677776164812000,-0.108936176,2.412158251,10.22922707,0.054758042,-0.027712099,0.038104136,20,47,-22,-16,51
1,1693677776165812000,-0.113724582,2.410961151,10.23401546,0.054758042,-0.027578866,0.038237367,20,50,-23,-20,53
2,1693677776166812000,-0.113724582,2.41455245,10.23760605,0.054758042,-0.027712099,0.038237367,20,40,-20,-24,48
3,1693677776167812000,-0.114921682,2.41574955,10.24000072,0.054624807,-0.027312404,0.038104136,19,45,-32,-20,49
4,1693677776168812000,-0.116118781,2.41574955,10.24119759,0.054624807,-0.027312404,0.038104136,21,43,-19,-19,53
0,1693677776227975200,-0.114921682,2.418143749,10.22802925,0.054091886,-0.027179174,0.038104136,20,40,-23,-20,52
1,1693677776228975200,-0.112527482,2.419340849,10.22563553,0.053958651,-0.027179174,0.037970904,17,36,-24,-32,52
2,1693677776229975200,-0.107739076,2.418143749,10.21965027,0.054091886,-0.027179174,0.037970904,20,41,-25,-23,52
3,1693677776230975200,-0.107739076,2.418143749,10.22084713,0.054225113,-0.027179174,0.037970904,17,33,-21,-26,54
4,1693677776231975200,-0.108936176,2.421735048,10.21965027,0.054225113,-0.027179174,0.037970904,17,37,-19,-15,55
0,1693677776288532600,-0.105344877,2.412158251,10.22443867,0.054358348,-0.026779478,0.037837673,20,33,-25,-22,54
1,1693677776289532600,-0.108936176,2.410961151,10.22683239,0.054225113,-0.026513018,0.037837673,20,30,-27,-23,45
2,1693677776290532600,-0.110133275,2.408566952,10.22802925,0.054225113,-0.026513018,0.037704438,20,39,-22,-18,54
3,1693677776291532600,-0.110133275,2.41335535,10.22563553,0.054225113,-0.026646247,0.037837673,19,41,-19,-23,53
4,1693677776292532600,-0.113724582,2.41574955,10.22443867,0.054491576,-0.026779478,0.037704438,20,47,-19,-20,55
0,1693677776372857500,-0.112527482,2.418143749,10.21965027,0.054491576,-0.026779478,0.037837673,18,43,-19,-24,53
1,1693677776373857500,-0.114921682,2.41455245,10.21965027,0.054225113,-0.026513018,0.037704438,19,35,-24,-20,53
2,1693677776374857500,-0.114921682,2.412158251,10.22443867,0.054225113,-0.026779478,0.037704438,15,38,-24,-17,55
3,1693677776375857500,-0.114921682,2.412158251,10.22324085,0.054091886,-0.026646247,0.03757121,20,37,-21,-16,54
4,1693677776376857500,-0.113724582,2.41455245,10.22324085,0.054091886,-0.026779478,0.037704438,19,44,-24,-23,54
0,1693677776436416300,-0.110133275,2.41694665,10.21366405,0.053825419,-0.025980091,0.037837673,15,45,-25,-24,52
1,1693677776437416300,-0.107739076,2.41694665,10.21486187,0.053825419,-0.026113322,0.037970904,19,39,-18,-18,52
2,1693677776438416300,-0.111330383,2.421735048,10.22084713,0.053825419,-0.026113322,0.037970904,20,46,-19,-30,55
3,1693677776439416300,-0.111330383,2.419340849,10.22084713,0.054091886,-0.026113322,0.038104136,20,47,-18,-23,54
4,1693677776440416300,-0.108936176,2.419340849,10.21725559,0.053958651,-0.026379786,0.038104136,14,30,-16,-20,53
0,1693677776493546000,-0.111330383,2.410961151,10.22084713,0.054225113,-0.026646247,0.037837673,13,42,-21,-22,52
1,1693677776494546000,-0.112527482,2.412158251,10.21725559,0.054225113,-0.026646247,0.037837673,21,43,-20,-26,52
2,1693677776495546000,-0.114921682,2.41455245,10.21965027,0.054225113,-0.026513018,0.037837673,20,46,-23,-19,57
3,1693677776496546000,-0.116118781,2.41455245,10.22204399,0.054358348,-0.026513018,0.037837673,20,34,-23,-26,55
4,1693677776497546000,-0.117315881,2.41335535,10.22204399,0.054225113,-0.026646247,0.037837673,16,33,-24,-24,50
0,1693677776568581100,-0.113724582,2.406172752,10.22204399,0.054091886,-0.026246555,0.03757121,18,47,-21,-20,54
1,1693677776569581100,-0.113724582,2.406172752,10.21965027,0.054091886,-0.026246555,0.03757121,20,39,-15,-22,54
2,1693677776570581100,-0.112527482,2.404975653,10.21366405,0.053958651,-0.026379786,0.037704438,14,37,-21,-22,55
3,1693677776571581100,-0.110133275,2.404975653,10.21725559,0.053958651,-0.026513018,0.037837673,18,43,-20,-24,54
4,1693677776572581100,-0.107739076,2.408566952,10.22084713,0.054091886,-0.026513018,0.037837673,17,32,-30,-24,51
0,1693677776653169200,-0.117315881,2.418143749,10.21366405,0.054491576,-0.026246555,0.037304748,20,43,-23,-19,54
1,1693677776654169200,-0.114921682,2.41694665,10.21366405,0.054491576,-0.026246555,0.037437979,20,36,-16,-18,55
2,1693677776655169200,-0.113724582,2.41574955,10.21725559,0.054225113,-0.026113322,0.037437979,18,41,-23,-18,52
3,1693677776656169200,-0.112527482,2.41455245,10.21486187,0.054358348,-0.026246555,0.037437979,17,38,-25,-27,54
4,1693677776657169200,-0.112527482,2.41574955,10.21486187,0.054358348,-0.026246555,0.03757121,21,39,-23,-21,51
0,1693677776712564800,-0.114921682,2.419340849,10.20887566,0.053825419,-0.026646247,0.037437979,17,37,-16,-17,56
1,1693677776713564800,-0.114921682,2.420537949,10.20887566,0.053825419,-0.026779478,0.037304748,16,39,-19,-21,54
2,1693677776714564800,-0.114921682,2.420537949,10.20528507,0.053958651,-0.026646247,0.037437979,14,40,-24,-21,53
3,1693677776715564800,-0.116118781,2.418143749,10.20528507,0.053958651,-0.026779478,0.037304748,13,37,-20,-26,48
4,1693677776716564800,-0.114921682,2.420537949,10.21246719,0.053958651,-0.02691271,0.037304748,19,41,-25,-22,50
0,1693677776779478500,-0.116118781,2.41455245,10.20767879,0.053825419,-0.02691271,0.03757121,14,44,-29,-24,58
1,1693677776780478500,-0.113724582,2.41455245,10.20887566,0.053958651,-0.026646247,0.037437979,20,36,-23,-24,53
2,1693677776781478500,-0.116118781,2.41574955,10.21246719,0.054091886,-0.026513018,0.037437979,20,33,-20,-20,54
3,1693677776782478500,-0.117315881,2.41574955,10.21246719,0.053958651,-0.026379786,0.03757121,15,43,-21,-18,55
4,1693677776783478500,-0.118512981,2.41335535,10.21007347,0.053558957,-0.026246555,0.037437979,20,46,-21,-19,55
0,1693677776867116700,-0.105344877,2.412158251,10.21605873,0.053958651,-0.027045943,0.038237367,15,42,-25,-25,54
1,1693677776868116700,-0.105344877,2.412158251,10.21605873,0.053958651,-0.02691271,0.038237367,13,39,-25,-18,50
2,1693677776869116700,-0.105344877,2.41455245,10.21246719,0.053958651,-0.02691271,0.038104136,17,39,-23,-22,50
3,1693677776870116700,-0.106541976,2.412158251,10.21246719,0.054091886,-0.026779478,0.037970904,21,36,-17,-24,52
4,1693677776871116700,-0.107739076,2.409764051,10.21486187,0.054091886,-0.026513018,0.037837673,22,44,-15,-22,55
0,1693677777079991800,-0.110133275,2.412158251,10.21007347,0.053958651,-0.026246555,0.038237367,20,35,-25,-28,55
1,1693677777080991800,-0.110133275,2.410961151,10.20887566,0.054091886,-0.026379786,0.038104136,25,43,-28,-22,55
2,1693677777081991800,-0.112527482,2.41455245,10.21007347,0.054225113,-0.026513018,0.038237367,20,36,-24,-23,51
3,1693677777082991800,-0.112527482,2.41694665,10.21366405,0.053958651,-0.026513018,0.038370594,20,36,-25,-17,55
4,1693677777083991800,-0.110133275,2.419340849,10.21366405,0.053558957,-0.026379786,0.038370594,20,35,-17,-22,55
0,1693677777121970500,-0.112527482,2.419340849,10.21127033,0.053958651,-0.025980091,0.037437979,19,38,-21,-22,55
1,1693677777122970500,-0.111330383,2.41455245,10.21725559,0.054225113,-0.025846859,0.037437979,15,39,-16,-28,54
2,1693677777123970500,-0.107739076,2.412158251,10.21486187,0.054091886,-0.02571363,0.03757121,19,33,-26,-20,55
3,1693677777124970500,-0.105344877,2.41335535,10.21246719,0.053825419,-0.025846859,0.037837673,11,40,-25,-23,52
4,1693677777125970500,-0.105344877,2.41335535,10.21366405,0.053958651,-0.026113322,0.037970904,22,39,-20,-24,54
0,1693677777140958000,-0.107739076,2.41455245,10.22802925,0.053958651,-0.027179174,0.038237367,18,37,-23,-23,52
1,1693677777141958000,-0.107739076,2.41455245,10.23281765,0.054091886,-0.02691271,0.037837673,19,43,-25,-23,54
2,1693677777142958000,-0.107739076,2.41335535,10.23401546,0.053958651,-0.026379786,0.037837673,13,31,-23,-20,53
3,1693677777143958000,-0.108936176,2.41455245,10.23281765,0.053958651,-0.025980091,0.037837673,20,43,-17,-16,55
4,1693677777144958000,-0.112527482,2.41335535,10.22563553,0.053692192,-0.025980091,0.037704438,17,40,-21,-22,53
0,1693677777159946000,-0.10175357,2.41694665,10.21965027,0.054358348,-0.02691271,0.037704438,10,33,-21,-23,53
1,1693677777160946000,-0.10175357,2.41694665,10.21965027,0.054225113,-0.027179174,0.037837673,17,43,-22,-21,55
2,1693677777161946000,-0.10295067,2.419340849,10.21486187,0.054091886,-0.027179174,0.037837673,19,31,-19,-27,53
3,1693677777162946000,-0.105344877,2.421735048,10.21246719,0.054225113,-0.027312404,0.037837673,23,37,-22,-31,55
4,1693677777163946000,-0.105344877,2.424129248,10.21246719,0.054225113,-0.027045943,0.03757121,20,30,-21,-19,54
0,1693677777189237600,-0.118512981,2.412158251,10.21127033,0.054624807,-0.026779478,0.038104136,19,37,-17,-20,54
1,1693677777190237600,-0.116118781,2.412158251,10.21845245,0.054491576,-0.026513018,0.037970904,20,45,-21,-24,50
2,1693677777191237600,-0.114921682,2.409764051,10.21965027,0.054491576,-0.026646247,0.038237367,21,42,-17,-18,55
3,1693677777192237600,-0.111330383,2.410961151,10.21965027,0.054358348,-0.026646247,0.038370594,20,41,-16,-18,55
4,1693677777193237600,-0.108936176,2.409764051,10.21486187,0.054091886,-0.02691271,0.038237367,29,39,-21,-20,54
0,1693677777270118800,-0.112527482,2.426523447,10.20767879,0.053825419,-0.026379786,0.03757121,20,43,-25,-19,55
1,1693677777271118800,-0.111330383,2.426523447,10.20648193,0.053825419,-0.026379786,0.037704438,17,37,-24,-20,67
2,1693677777272118800,-0.110133275,2.425326347,10.20887566,0.054091886,-0.026646247,0.037704438,15,35,-19,-19,55
3,1693677777273118800,-0.111330383,2.422932148,10.21127033,0.054491576,-0.026779478,0.03757121,19,40,-25,-22,50
4,1693677777274118800,-0.107739076,2.419340849,10.22084713,0.054758042,-0.026779478,0.037704438,14,32,-22,-22,49
0,1693677777338760800,-0.107739076,2.41574955,10.21725559,0.054225113,-0.026246555,0.037837673,19,46,-23,-24,58
1,1693677777339760800,-0.107739076,2.41455245,10.21605873,0.054358348,-0.026246555,0.037970904,20,41,-15,-22,55
2,1693677777340760800,-0.107739076,2.410961151,10.21486187,0.054358348,-0.026379786,0.037970904,14,35,-27,-22,51
3,1693677777341760800,-0.112527482,2.412158251,10.21605873,0.054358348,-0.026379786,0.038237367,19,40,-21,-22,51
4,1693677777342760800,-0.114921682,2.41455245,10.21845245,0.054358348,-0.026513018,0.038237367,16,37,-21,-20,53
0,1693677777394521200,-0.110133275,2.412158251,10.21965027,0.054491576,-0.025980091,0.037437979,20,39,-17,-16,55
1,1693677777395521200,-0.110133275,2.410961151,10.21845245,0.054491576,-0.026113322,0.037437979,20,45,-19,-24,41
2,1693677777396521200,-0.107739076,2.410961151,10.22443867,0.054358348,-0.025980091,0.03757121,17,39,-21,-21,49
3,1693677777397521200,-0.106541976,2.409764051,10.22084713,0.054358348,-0.025980091,0.03757121,20,39,-21,-23,44
4,1693677777398521200,-0.105344877,2.410961151,10.22084713,0.054358348,-0.025980091,0.037437979,18,33,-27,-18,54
0,1693677777474536100,-0.10175357,2.420537949,10.21127033,0.053558957,-0.026379786,0.037970904,17,32,-18,-22,61
1,1693677777475536100,-0.10175357,2.420537949,10.21486187,0.053558957,-0.026513018,0.037837673,21,43,-21,-18,54
2,1693677777476536100,-0.10055647,2.421735048,10.21605873,0.053558957,-0.026513018,0.037837673,19,39,-25,-22,55
3,1693677777477536100,-0.10175357,2.420537949,10.21725559,0.053558957,-0.026513018,0.037970904,20,36,-23,-18,54
4,1693677777478536100,-0.10175357,2.422932148,10.21246719,0.053825419,-0.026513018,0.037970904,20,45,-18,-20,53
0,1693677777538982100,-0.104147777,2.409764051,10.21366405,0.053558957,-0.026379786,0.03757121,20,48,-21,-21,53
1,1693677777539982100,-0.104147777,2.409764051,10.21127033,0.053558957,-0.026513018,0.03757121,20,43,-24,-20,54
2,1693677777540982100,-0.10295067,2.409764051,10.21366405,0.053692192,-0.026513018,0.037704438,18,36,-23,-23,72
3,1693677777541982100,-0.107739076,2.406172752,10.21007347,0.053692192,-0.026513018,0.037837673,19,32,-23,-22,53
4,1693677777542982100,-0.108936176,2.409764051,10.20887566,0.053558957,-0.026379786,0.037837673,17,41,-19,-20,53
0,1693677777609073500,-0.108936176,2.41455245,10.22084713,0.053958651,-0.025980091,0.037304748,16,39,-24,-17,58
1,1693677777610073500,-0.111330383,2.41335535,10.21725559,0.053825419,-0.025980091,0.037437979,19,35,-20,-21,50
2,1693677777611073500,-0.112527482,2.41455245,10.21605873,0.053692192,-0.025980091,0.037437979,19,37,-22,-24,50
3,1693677777612073500,-0.114921682,2.41574955,10.21605873,0.053692192,-0.026113322,0.037437979,18,37,-23,-24,54
4,1693677777613073500,-0.114921682,2.41574955,10.21605873,0.053825419,-0.026113322,0.03757121,20,45,-20,-22,54
0,1693677777658138600,-0.111330383,2.41694665,10.21965027,0.054491576,-0.026513018,0.03757121,20,46,-22,-16,53
1,1693677777659138600,-0.110133275,2.41694665,10.22204399,0.054358348,-0.026646247,0.03757121,20,45,-25,-26,50
2,1693677777660138600,-0.111330383,2.418143749,10.21725559,0.054225113,-0.026779478,0.037704438,15,43,-21,-24,54
3,1693677777661138600,-0.110133275,2.418143749,10.21845245,0.054225113,-0.026513018,0.037704438,16,35,-28,-26,54
4,1693677777662138600,-0.113724582,2.41335535,10.21845245,0.054091886,-0.026779478,0.03757121,14,39,-17,-22,54
0,1693677777727522300,-0.114921682,2.41335535,10.21965027,0.054225113,-0.026779478,0.037837673,20,34,-28,-26,55
1,1693677777728522300,-0.116118781,2.41335535,10.21965027,0.054225113,-0.026779478,0.037970904,14,37,-19,-29,56
2,1693677777729522300,-0.112527482,2.418143749,10.21605873,0.054225113,-0.026779478,0.037970904,21,40,-24,-18,52
3,1693677777730522300,-0.112527482,2.418143749,10.21845245,0.054091886,-0.026646247,0.037837673,21,39,-29,-22,57
4,1693677777731522300,-0.112527482,2.41694665,10.22683239,0.054091886,-0.02691271,0.037704438,23,43,-19,-20,54
0,1693677777815160300,-0.10295067,2.412158251,10.21965027,0.054491576,-0.026779478,0.038104136,17,35,-21,-22,49
1,1693677777816160300,-0.105344877,2.412158251,10.22324085,0.054491576,-0.026779478,0.038104136,20,43,-19,-15,56
2,1693677777817160300,-0.107739076,2.41335535,10.21965027,0.054358348,-0.026646247,0.038237367,20,39,-23,-22,58
3,1693677777818160300,-0.110133275,2.412158251,10.22084713,0.054491576,-0.026646247,0.038104136,11,31,-23,-19,56
4,1693677777819160300,-0.110133275,2.41335535,10.21725559,0.054624807,-0.026513018,0.038104136,13,43,-25,-19,55
0,1693677777874188400,-0.105344877,2.410961151,10.21486187,0.054225113,-0.026779478,0.038104136,19,41,-27,-19,61
1,1693677777875188400,-0.10295067,2.412158251,10.21486187,0.053958651,-0.026779478,0.037970904,22,48,-28,-17,56
2,1693677777876188400,-0.10175357,2.41574955,10.21486187,0.054091886,-0.02691271,0.038237367,20,46,-24,-16,55
3,1693677777877188400,-0.10055647,2.419340849,10.21486187,0.054225113,-0.02691271,0.038104136,13,36,-19,-23,55
4,1693677777878188400,-0.105344877,2.422932148,10.21605873,0.054358348,-0.02691271,0.037970904,17,45,-24,-20,55
0,1693677777935826800,-0.106541976,2.41335535,10.21725559,0.054358348,-0.026779478,0.037837673,20,39,-15,-20,55
1,1693677777936826800,-0.107739076,2.412158251,10.22084713,0.054091886,-0.026379786,0.037837673,17,45,-20,-17,55
2,1693677777937826800,-0.108936176,2.412158251,10.21605873,0.054091886,-0.026246555,0.037704438,16,43,-25,-20,57
3,1693677777938826800,-0.111330383,2.412158251,10.21007347,0.053825419,-0.026246555,0.037704438,20,32,-19,-22,54
4,1693677777939826800,-0.113724582,2.410961151,10.21007347,0.053825419,-0.025980091,0.03757121,20,33,-13,-27,49
0,1693677778018166500,-0.113724582,2.412158251,10.22802925,0.054624807,-0.02691271,0.037970904,19,46,-21,-21,52
1,1693677778019166500,-0.111330383,2.410961151,10.23042393,0.054758042,-0.027045943,0.038237367,20,41,-17,-19,55
2,1693677778020166500,-0.110133275,2.41455245,10.22683239,0.054624807,-0.027179174,0.038104136,18,38,-23,-24,54
3,1693677778021166500,-0.110133275,2.410961151,10.21965027,0.054491576,-0.027179174,0.038104136,19,39,-16,-15,53
4,1693677778022166500,-0.108936176,2.408566952,10.21725559,0.054491576,-0.027045943,0.037970904,17,34,-23,-23,50
0,1693677778081578500,-0.113724582,2.41694665,10.21007347,0.053958651,-0.026513018,0.037970904,20,41,-21,-19,58
1,1693677778082578500,-0.116118781,2.419340849,10.21246719,0.053958651,-0.026779478,0.038104136,22,45,-18,-18,55
2,1693677778083578500,-0.117315881,2.420537949,10.21845245,0.054091886,-0.02691271,0.038237367,13,36,-25,-21,53
3,1693677778084578500,-0.117315881,2.418143749,10.21965027,0.054225113,-0.027045943,0.038370594,18,37,-23,-18,50
4,1693677778085578500,-0.113724582,2.419340849,10.22084713,0.054225113,-0.027045943,0.038237367,15,43,-21,-22,55
0,1693677778148936400,-0.116118781,2.418143749,10.23042393,0.054491576,-0.026513018,0.037837673,17,41,23,-18,55
1,1693677778149936400,-0.114921682,2.41694665,10.23281765,0.054358348,-0.026513018,0.037837673,15,37,-24,-23,55
2,1693677778150936400,-0.108936176,2.41574955,10.23162079,0.054358348,-0.026379786,0.037970904,20,40,-25,-19,50
3,1693677778151936400,-0.106541976,2.41574955,10.23042393,0.054491576,-0.026513018,0.037837673,22,39,-16,-20,53
4,1693677778152936400,-0.107739076,2.418143749,10.22802925,0.054225113,-0.026379786,0.037704438,22,43,-25,-18,53
0,1693677778206504000,-0.110133275,2.41574955,10.22084713,0.053825419,-0.026646247,0.038104136,21,40,-21,-19,53
1,1693677778207504000,-0.107739076,2.41694665,10.22324085,0.053825419,-0.02691271,0.038104136,10,40,-23,-17,54
2,1693677778208504000,-0.106541976,2.41455245,10.22443867,0.053692192,-0.026779478,0.038237367,13,41,-21,-27,54
3,1693677778209504000,-0.104147777,2.41335535,10.22563553,0.053825419,-0.02691271,0.038104136,20,41,-21,-21,55
4,1693677778210504000,-0.107739076,2.41335535,10.22563553,0.053825419,-0.02691271,0.037970904,20,36,-24,-19,53
0,1693677778296257900,-0.111330383,2.418143749,10.21845245,0.053292494,-0.027045943,0.037171517,17,41,-24,-27,55
1,1693677778297257900,-0.114921682,2.41574955,10.21845245,0.053558957,-0.027179174,0.037171517,13,32,-29,-23,50
2,1693677778298257900,-0.111330383,2.41455245,10.22204399,0.053558957,-0.027179174,0.037304748,17,36,-17,-22,51
3,1693677778299257900,-0.111330383,2.41335535,10.22084713,0.053692192,-0.027312404,0.037437979,25,44,-18,-19,54
4,1693677778300257900,-0.112527482,2.418143749,10.22084713,0.053825419,-0.027312404,0.037437979,17,45,-16,-18,55
0,1693677778359561300,-0.119710088,2.418143749,10.21127033,0.053825419,-0.027045943,0.037437979,13,43,-21,-19,54
1,1693677778360561300,-0.122104287,2.41694665,10.21007347,0.053692192,-0.027179174,0.037704438,13,39,-25,-27,55
2,1693677778361561300,-0.117315881,2.419340849,10.20767879,0.053692192,-0.027045943,0.03757121,20,41,-21,-21,54
3,1693677778362561300,-0.118512981,2.418143749,10.20887566,0.053825419,-0.02691271,0.037704438,19,43,-21,-18,55
4,1693677778363561300,-0.116118781,2.420537949,10.20767879,0.053692192,-0.027312404,0.037837673,19,35,-20,-29,52
0,1693677778415546500,-0.112527482,2.41455245,10.21965027,0.054758042,-0.026379786,0.038237367,20,39,-25,-24,49
1,1693677778416546500,-0.113724582,2.41335535,10.22084713,0.054491576,-0.026379786,0.038104136,20,37,-18,-23,53
2,1693677778417546500,-0.113724582,2.41455245,10.21845245,0.054358348,-0.026513018,0.037970904,20,31,-24,-15,52
3,1693677778418546500,-0.114921682,2.41455245,10.21845245,0.054225113,-0.026779478,0.037970904,21,45,-16,-18,51
4,1693677778419546500,-0.112527482,2.41574955,10.21725559,0.054358348,-0.026646247,0.038104136,20,40,-21,-27,54
0,1693677778475554200,-0.10175357,2.41694665,10.21366405,0.054358348,-0.026779478,0.037970904,20,43,-19,-17,69
1,1693677778476554200,-0.10175357,2.41574955,10.21366405,0.054225113,-0.027045943,0.037970904,20,41,-23,-18,54
2,1693677778477554200,-0.10175357,2.41455245,10.21246719,0.054225113,-0.02691271,0.037837673,20,45,-15,-11,55
3,1693677778478554200,-0.10055647,2.41335535,10.21366405,0.054225113,-0.02691271,0.037704438,15,39,-21,-20,54
4,1693677778479554200,-0.10055647,2.412158251,10.21127033,0.054225113,-0.02691271,0.037704438,19,33,-25,-20,51
0,1693677778582188900,-0.117315881,2.407369852,10.21246719,0.054624807,-0.027445635,0.037704438,17,41,-19,-19,49
1,1693677778583188900,-0.117315881,2.407369852,10.21366405,0.054758042,-0.027578866,0.037704438,20,33,-21,-18,54
2,1693677778584188900,-0.112527482,2.404975653,10.21127033,0.054624807,-0.027712099,0.037837673,19,44,-16,-11,55
3,1693677778585188900,-0.112527482,2.406172752,10.20887566,0.054758042,-0.027845331,0.037837673,20,42,-19,-22,56
4,1693677778586188900,-0.116118781,2.409764051,10.20887566,0.054758042,-0.027712099,0.037970904,16,43,-21,-21,50
0,1693677778625027000,-0.120907187,2.407369852,10.21725559,0.053825419,-0.026513018,0.037837673,17,44,-23,-19,53
1,1693677778626027000,-0.118512981,2.410961151,10.21486187,0.054091886,-0.026379786,0.037970904,21,46,-17,-18,57
2,1693677778627027000,-0.116118781,2.409764051,10.21486187,0.054225113,-0.026379786,0.037970904,20,37,-21,-21,53
3,1693677778628027000,-0.114921682,2.407369852,10.21246719,0.054225113,-0.026379786,0.038104136,21,30,-24,-13,53
4,1693677778629027000,-0.113724582,2.409764051,10.21127033,0.054091886,-0.026379786,0.038237367,16,35,-27,-18,54
0,1693677778687002500,-0.120907187,2.410961151,10.22084713,0.054091886,-0.026113322,0.03757121,13,43,-22,-22,49
1,1693677778688002500,-0.119710088,2.41335535,10.21965027,0.054091886,-0.026379786,0.03757121,18,39,-21,-22,55
2,1693677778689002500,-0.119710088,2.41335535,10.22084713,0.054225113,-0.026513018,0.03757121,18,31,-18,-23,53
3,1693677778690002500,-0.123301387,2.41335535,10.22084713,0.054091886,-0.026513018,0.03757121,23,35,-25,-30,52
4,1693677778691002500,-0.122104287,2.41335535,10.22683239,0.054225113,-0.026646247,0.037437979,13,43,-19,-22,52
0,1693677778772307300,-0.110133275,2.402581453,10.23401546,0.053958651,-0.02691271,0.037837673,26,47,-15,-14,55
1,1693677778773307300,-0.108936176,2.402581453,10.22922707,0.054091886,-0.02691271,0.037704438,19,43,-23,-24,56
2,1693677778774307300,-0.107739076,2.402581453,10.22443867,0.053825419,-0.02691271,0.037704438,14,41,-21,-20,54
3,1693677778775307300,-0.106541976,2.402581453,10.22324085,0.053958651,-0.026779478,0.037704438,15,35,-29,-24,49
4,1693677778776307300,-0.106541976,2.401384354,10.22443867,0.054225113,-0.026646247,0.037837673,19,33,-22,-20,54
0,1693677778836290500,-0.112527482,2.410961151,10.21845245,0.054091886,-0.026113322,0.037970904,20,41,-25,-12,52
1,1693677778837290500,-0.113724582,2.408566952,10.21845245,0.053958651,-0.026113322,0.037970904,22,39,-28,-18,53
2,1693677778838290500,-0.111330383,2.408566952,10.21845245,0.054225113,-0.026246555,0.038104136,21,43,-23,-18,51
3,1693677778839290500,-0.110133275,2.406172752,10.21965027,0.054225113,-0.026379786,0.037837673,15,43,-23,-22,54
4,1693677778840290500,-0.108936176,2.406172752,10.21486187,0.054225113,-0.026379786,0.037837673,19,31,-21,-19,55
0,1693677778899114300,-0.10295067,2.402581453,10.20887566,0.053692192,-0.02571363,0.037704438,20,37,-30,-20,54
1,1693677778900114300,-0.106541976,2.404975653,10.20887566,0.053958651,-0.026113322,0.037704438,17,37,-19,-18,53
2,1693677778901114300,-0.104147777,2.406172752,10.20767879,0.053958651,-0.026246555,0.037837673,16,41,-21,-22,53
3,1693677778902114300,-0.10055647,2.402581453,10.20887566,0.053825419,-0.026246555,0.037837673,13,37,-18,-20,53
4,1693677778903114300,-0.10055647,2.404975653,10.20767879,0.053692192,-0.026246555,0.037837673,20,43,-18,-17,55
0,1693677778971514000,-0.099359371,2.41694665,10.22802925,0.054225113,-0.027179174,0.037704438,20,40,-25,-20,50
1,1693677778972514000,-0.10175357,2.421735048,10.22443867,0.054225113,-0.027045943,0.037837673,13,39,-23,-30,51
2,1693677778973514000,-0.105344877,2.421735048,10.22204399,0.054225113,-0.027045943,0.037970904,14,43,-24,-23,52
3,1693677778974514000,-0.107739076,2.420537949,10.21486187,0.054091886,-0.027045943,0.038104136,14,41,-19,-19,53
4,1693677778975514000,-0.106541976,2.421735048,10.21486187,0.053958651,-0.02691271,0.038104136,21,36,-19,-18,55
0,1693677779035258800,-0.108936176,2.41694665,10.21605873,0.054225113,-0.027045943,0.037837673,20,37,-17,-26,55
1,1693677779036258800,-0.107739076,2.41694665,10.22084713,0.054225113,-0.027179174,0.037837673,14,39,-19,-27,51
2,1693677779037258800,-0.107739076,2.41694665,10.22084713,0.054225113,-0.02691271,0.037970904,13,39,-27,-18,54
3,1693677779038258800,-0.110133275,2.41574955,10.22084713,0.054225113,-0.02691271,0.038104136,7,44,-21,-17,55
4,1693677779039258800,-0.105344877,2.41694665,10.21965027,0.054225113,-0.02691271,0.038104136,14,35,-21,-23,53
0,1693677779092970200,-0.104147777,2.404975653,10.21007347,0.054091886,-0.026513018,0.038104136,15,30,-29,-30,48
1,1693677779093970200,-0.105344877,2.406172752,10.20408726,0.054091886,-0.026779478,0.038104136,12,43,-21,-22,55
2,1693677779094970200,-0.105344877,2.408566952,10.19690514,0.054358348,-0.026513018,0.037970904,19,41,-17,-16,55
3,1693677779095970200,-0.104147777,2.409764051,10.1933136,0.054358348,-0.026379786,0.037704438,20,45,-21,-13,57
4,1693677779096970200,-0.10295067,2.408566952,10.19690514,0.054091886,-0.026246555,0.037704438,20,45,-16,-22,51
0,1693677779181988100,-0.104147777,2.408566952,10.20169353,0.053692192,-0.027179174,0.038503829,18,35,-23,-20,56
1,1693677779182988100,-0.105344877,2.408566952,10.20408726,0.053825419,-0.027045943,0.038370594,20,40,-23,-19,53
2,1693677779183988100,-0.105344877,2.410961151,10.20049667,0.054491576,-0.02691271,0.038104136,21,46,-18,-22,56
3,1693677779184988100,-0.106541976,2.410961151,10.20408726,0.054491576,-0.02691271,0.037837673,14,39,-19,-28,54
4,1693677779185988100,-0.108936176,2.408566952,10.20528507,0.054091886,-0.026779478,0.037970904,20,41,-19,-19,50
